Peptide ID	Peptide Sequence	Genome ID	Start	End	Strand	Reading Frame	RT Peptide Sequence	ePST Start	ePST End	ePST	ePST Length	Translated ePST	Start Codon	Peptide Probability	Peptide Count	ePST Probability	ePST Count
	WTLLCCGFHLKR	chromosome	32002	32037	+	F1	GGATTAAAATTGGGAATTTGGGTGTTAAAGCCTAAA	32002	32094	GGATTAAAATTGGGAATTTGGGTGTTAAAGCCTAAATACAGTATAAAAAAACGCAATCTTACGATTGCGTTTTTTGTTACTCAGCTTAACTGA	92	GLKLGIWVLKPKYSIKKRNLTIAFFVTQLN*	-	0.979176511988363	1	0.979176511988363	1
	IITIIIIK	chromosome	38770	38793	+	F1	GTGAAGACCATATCAACAATACGC	38698	38814	ATGGCTCACCGACTTATAATTTCTGTGTGGTGGTGGATGACTGGGATATGGGCATCACGCATGTGGTGCGCGGTGAAGACCATATCAACAATACGCCGCGTCAAATTAATATTTTAA	116	MAHRLIISVWWWMTGIWASRMWCAVKTISTIRRVKLIF*	ATG	0.983011689709933	1	0.983011689709933	1
	KGPFLDLHLLK	chromosome	89698	89730	+	F1	CAGAATCAAATGGTTCTTCTTCTATGGCATCGG	89656	89748	TTGCCGAGTTCCCGTATGTGGTACGTGTTGTCTCTGAAATCACAGAATCAAATGGTTCTTCTTCTATGGCATCGGTTTGTGGTGCGTCTTTAG	92	LPSSRMWYVLSLKSQNQMVLLLWHRFVVRL*	TTG	0.9999999387578492	5	0.999999938757849	5
	LICEYSSKISSAEEHTR	chromosome	132334	132384	+	F1	ACTTCGCCATTCTATACTGTTAACAAAATAATAACAATTATCATTATAAAA	132334	132414	ACTTCGCCATTCTATACTGTTAACAAAATAATAACAATTATCATTATAAAATTATCTTGTTTTTTCCTTGTGATTATTTGA	80	TSPFYTVNKIITIIIIKLSCFFLVII*	-	0.9991555046086947	1	0.999155504608695	1
	FSSIYVTVGRILSLCDSLSR	chromosome	167011	167070	+	F1	CTTTTACGATTCAATCGAATGAGGCAGAAAATAAGCCTCATCACGCCAAATTGTTACAAA	167011	167085	CTTTTACGATTCAATCGAATGAGGCAGAAAATAAGCCTCATCACGCCAAATTGTTACAAAGTGCAGTCAAATTAA	74	LLRFNRMRQKISLITPNCYKVQSN*	-	0.9942569818581062	1	0.994256981858106	1
	SRLQVGLR	chromosome	279718	279741	+	F1	TTATTTGCTTACTGGGGAGGCAGA	279694	279810	TTGGCAAAAAATGTTGAACTTGCCTTATTTGCTTACTGGGGAGGCAGATATTTCGGGGGATTTGGTGTTAACCGACACGAAAACAGAAAAAGGCAAAGTGGCAATACGAATGGCTGA	116	LAKNVELALFAYWGGRYFGGFGVNRHENRKRQSGNTNG*	TTG	0.9559538887682498	3	0.95595388876825	3
	DGFCTTLSPSTTAK	chromosome	621769	621810	+	F1	TTCAGGAAAAACAATATGTTTAGCGATGCATCTTTTTCTCGT	621769	622062	TTCAGGAAAAACAATATGTTTAGCGATGCATCTTTTTCTCGTTACAAGACAAATATGATGACACACTTAAAAAGTGCGGTCTTTTCGGGGCTAATTTTTTGCCTCACAGCTTGTGATCAACCGACCTCTGTGTCTTCCTCCCTTTCTGCTCCCCCAGTATCAGACATGACACCGAGTCGCGAAAAATTAACACGTGCGGTTTATCATGATTTGATCCTCAATCCTCATCAAATGACGAATGCAGAACAAGCTATTTTTTTTGCAAGATTTACTGGAAGGTTTGACCGCCTATGA	293	FRKNNMFSDASFSRYKTNMMTHLKSAVFSGLIFCLTACDQPTSVSSSLSAPPVSDMTPSREKLTRAVYHDLILNPHQMTNAEQAIFFARFTGRFDRL*	-	0.9989137229515778	1	0.998913722951578	1
	FGCSPIGK	chromosome	627217	627240	+	F1	AGCAGGATTTGTTATGGAGAAAAA	627193	627252	TTGATTTGGAAGCTTATCCTGTTGAGCAGGATTTGTTATGGAGAAAAACCAAAGATGTGA	59	LIWKLILLSRICYGEKPKM*	TTG	0.9977580080927246	1	0.997758008092725	1
	PLMVKTPACLTSQIK	chromosome	715105	715149	+	F1	GAAATAGCTTAAGCTCAGCGCGACAATATAATTAAAGGCAATCGC	715105	715254	GAAATAGCTTAAGCTCAGCGCGACAATATAATTAAAGGCAATCGCTTGTTGAATCACAATGTTTTTCTTACGTGCCACTTTAAGCAACACGGATACTGCCACGCTACAAAGGACGGCAATGATAAGATGATGCATATTATTTTTCCTTAA	149	EIA*AQRDNIIKGNRLLNHNVFLTCHFKQHGYCHATKDGNDKMMHIIFP*	-	0.9519727889863573	1	0.951972788986357	1
	EMEIKKMEVMIK	chromosome	880618	880653	+	F1	TCAATTAACAGTAAGTCAGTATTAAAAATAAACAAG	880597	880683	ATGCCTTTCGAGAAACTCACATCAATTAACAGTAAGTCAGTATTAAAAATAAACAAGAACGGTAAAATAGCAGTACGTAAACTATAA	86	MPFEKLTSINSKSVLKINKNGKIAVRKL*	ATG	0.9474259958312439	3	0.947425995831244	3
	NGQQMTGR	chromosome	1009729	1009752	+	F1	GCGTCTTGCACATCACCGCCTAAA	1009729	1009758	GCGTCTTGCACATCACCGCCTAAACGTTGA	29	ASCTSPPKR*	-	0.9889542980038029	1	0.988954298003803	1
	FMNRLNATFSHR	chromosome	1298428	1298463	+	F1	GACCCATTGCCAATTGATGTGGTGACGTTGGATCGC	1298335	1298484	CTGATAGCCCACATCTTGCAACGTAGGATTTTCTGCGCCCGCTTTAGCGAGTTGATCGCAGATTTCATTTTCAATGTGTCCAGAATGCCCTTTGACCCATTGCCAATTGATGTGGTGACGTTGGATCGCTTGATCGAGCTGTATCCATAA	149	LIAHILQRRIFCARFSELIADFIFNVSRMPFDPLPIDVVTLDRLIELYP*	CTG	0.9992461549526239	4	0.999246154952624	4
	SVSRVQANKK	chromosome	1532668	1532697	+	F1	TTCAATATGCTCTGCAATGATATCAATAGA	1532665	1532727	TTGTTCAATATGCTCTGCAATGATATCAATAGACACCGAATTGTAGGTACCTTTGCTACTTAA	62	LFNMLCNDINRHRIVGTFAT*	TTG	0.9964181974315728	1	0.996418197431573	1
	GRLLWLTRK	chromosome	1599556	1599582	+	F1	ATGATCTCTTGCGGTACCATTGGTAAA	1599454	1599606	TTGTCAAAATACGCTTTTGCATCATCAAAAGCACAAGCACCGTGTTTTTCCCACTCACCTTGTAATAAGCTGGCACTTGGCGATTCTGGTAAATATTGCTCAATGATCTCTTGCGGTACCATTGGTAAATCCCCTCGGCAAAAACGCGGTTGA	152	LSKYAFASSKAQAPCFSHSPCNKLALGDSGKYCSMISCGTIGKSPRQKRG*	TTG	0.9706394036908004	1	0.9706394036908	1
	RYAYASPYCGSQRFSK	chromosome	1630528	1630575	+	F1	ACCGCGTGCATAAAAGCAATGGTGTCATTATGCTCGATGGCATCTAAA	1630510	1630629	CTGGCGGCGCCCTCTTGCACCGCGTGCATAAAAGCAATGGTGTCATTATGCTCGATGGCATCTAAATGCACGTTGGCACTACCCGCCAGTTGTTCAGGTAACACCGTCAGCTCAAAATAA	119	LAAPSCTACIKAMVSLCSMASKCTLALPASCSGNTVSSK*	CTG	0.9995969112992699	1	0.99959691129927	1
	SAPFFTFTISNIK	chromosome	1658155	1658193	+	F1	GTTGGACGAATTCTATCGCTCTGCGATTCGCTTAGCAGG	1658092	1658244	TTGTTTCCGTTATGCGGAACCGTTAACAGCAGAAAACTGCGGTTCAGCTCAATATATGTTACTGTTGGACGAATTCTATCGCTCTGCGATTCGCTTAGCAGGCAAACCATTACTCTGGCTACATTTATTGATCGAACAAGAAGAAAATTATGA	152	LFPLCGTVNSRKLRFSSIYVTVGRILSLCDSLSRQTITLATFIDRTRRKL*	TTG	0.9303547056001863	9	0.930354705600186	9
	LVNVVFPLANAESK	chromosome	1671061	1671102	+	F1	TCTACAAACACCGCGCCCAGTTTTGCTTCATCTAATTTACGT	1670983	1671135	ATGCCTACCGCTTTTGCCACAGCCTCCCCTCGTCCGCCACCAAATTTACGCCGATGTGCCATAGCGCCCGCTACAAAATCTACAAACACCGCGCCCAGTTTTGCTTCATCTAATTTACGTAATTCTAAACGGACTTGTCCCTGCTCATCATAG	152	MPTAFATASPRPPPNLRRCAIAPATKSTNTAPSFASSNLRNSKRTCPCSS*	ATG	0.9796764244569633	1	0.979676424456963	1
	RVTLKLSAIISSTISYSFK	chromosome	1710691	1710747	+	F1	AAAATCACTAAAGGTAATTCGTGTAATCCGTTCATCTTACACCTCCCTTGGATTCGC	1710619	1710750	TTGTCTTCTGTCGTAAATAGAACAATAGCAAAGAGTAAAAAAGCCCCCACAACTGACTGTGCTAATACGGTGAAAATCACTAAAGGTAATTCGTGTAATCCGTTCATCTTACACCTCCCTTGGATTCGCTAA	131	LSSVVNRTIAKSKKAPTTDCANTVKITKGNSCNPFILHLPWIR*	TTG	0.9688642127827191	1	0.968864212782719	1
	LMLFILNGSKNYCFSCGNGGK	chromosome	1819360	1819422	+	F1	ATTCTGACGTTCTTCACTTAAGCGTTGCATGTGAACAGGATCATGTCCCCAAAGATAAGTAGG	1819318	1819452	ATGCAAGGCATCTGGAAAAGCAATATTCGGCAAAAAGGCGTTATTCTGACGTTCTTCACTTAAGCGTTGCATGTGAACAGGATCATGTCCCCAAAGATAAGTAGGGAAACCATTTCGAGAAAACGCAATCGCTAA	134	MQGIWKSNIRQKGVILTFFT*ALHVNRIMSPKISRETISRKRNR*	ATG	0.9912369280351494	1	0.991236928035149	1
	LILLSRICYGEK	chromosome	1856959	1856994	+	F1	TCAGCTTTAATGGATACGCAATGTTGTCGAAAACGG	1856959	1857189	TCAGCTTTAATGGATACGCAATGTTGTCGAAAACGGTCATGTGCGGCCAAACCGCATAATCTTGAAATACCACCCCCAGACTTCGTTGATCAGGGGGGATATCAATGCCTTCTGCTGGATCAGACACCACATGTTCGTCAATTAAAATGCGTCCGCTATCAGGAACGTCAAACCCGGCTAACAAACGAAGTAAGACCGTTTTACCACAGCCAGATGGTCCAAGTAAGGTAA	230	SALMDTQCCRKRSCAAKPHNLEIPPPDFVDQGGYQCLLLDQTPHVRQLKCVRYQERQTRLTNEVRPFYHSQMVQVR*	-	0.9746271583466952	2	0.974627158346695	2
	YVCTHAVFLILSHVVALLFSIR	chromosome	1979965	1980030	+	F1	TCATGAAGGCGCGGTGAGTGTACAAGATGTGAATGCCCAATGGTCAGCCTTGTTATTGGCACCAGA	1979965	1980039	TCATGAAGGCGCGGTGAGTGTACAAGATGTGAATGCCCAATGGTCAGCCTTGTTATTGGCACCAGAAAATGGTGA	74	S*RRGECTRCECPMVSLVIGTRKW*	-	0.9604582451825526	1	0.960458245182553	1
	FYPMVSVSYAPLTVPTLPALMISMFHQVK	chromosome	2047015	2047101	+	F1	CGCTGTCATCCTCTTGTTCATAATAACGTTTGCACAATTCGACCACTTGTTTCCCCGCATCAAGGAACAGTTGTTTACGATCTGCGT	2047015	2047179	CGCTGTCATCCTCTTGTTCATAATAACGTTTGCACAATTCGACCACTTGTTTCCCCGCATCAAGGAACAGTTGTTTACGATCTGCGTGGGTTGCAAGGCAGGATCCGTTGCCCGGCAGACTTAAGCCAAGGGCTTCTGTTAAGCAGTTCATTGAATTTGCGGTAA	164	RCHPLVHNNVCTIRPLVSPHQGTVVYDLRGLQGRIRCPADLSQGLLLSSSLNLR*	-	0.9741999311805029	1	0.974199931180503	1
	IILPCSSEFMTASSK	chromosome	2207422	2207466	+	F1	GCAGCTAATGCAGGGTTCATGAAGTTTTTACCGACACCACCAAAA	2207422	2207649	GCAGCTAATGCAGGGTTCATGAAGTTTTTACCGACACCACCAAAAATTTCTTTTGCCACAACCACACCAAATGTCGTTGCTAACGCAGCTTGCCATAATGGCAAAGTTGGCGGAACGATAAGTGCTAACAGGATAGAGGTCACAAAGAAACCTTCGTTAATCTCATGCTTGCGTACCATCGCAAAAAGCACTTCCCAGAAACCACCCACTAAGAAAATAGTCAAGTAA	227	AANAGFMKFLPTPPKISFATTTPNVVANAACHNGKVGGTISANRIEVTKKPSLISCLRTIAKSTSQKPPTKKIVK*	-	0.9517417141098679	1	0.951741714109868	1
	STPCLFPENRRLPSASFISLLWYSK	chromosome	2230762	2230836	+	F1	TACAAAACTTAAAAAAATAGTTCACTACGATGAAAAAAGGGGAAATATGTTTTCCCCTTATGCTTGATATCCCGC	2230762	2230839	TACAAAACTTAAAAAAATAGTTCACTACGATGAAAAAAGGGGAAATATGTTTTCCCCTTATGCTTGATATCCCGCTAA	77	YKT*KNSSLR*KKGKYVFPLCLISR*	-	0.9750732257457593	1	0.975073225745759	1
	IFFQIHMVLMRK	chromosome	2263585	2263620	+	F1	AATATCAAAGTGCAACAAACGCAAATGATGTCGCGA	2263501	2263623	ATGTACATCTTTAAGCCAAGGGGACGGGAATTGTTTCACCGCAAGCGCACCCACAGTAAAGAAAGGCGAAAATTGCCCATCTCCAATATCAAAGTGCAACAAACGCAAATGATGTCGCGATAA	122	MYIFKPRGRELFHRKRTHSKERRKLPISNIKVQQTQMMSR*	ATG	0.996859189277142	1	0.996859189277142	1
	VGKFGHSICQMEK	chromosome	2356198	2356236	+	F1	AAAAAGTCGCAGAAAAACGGACAACAAATGACTGGACGT	2356198	2356314	AAAAAGTCGCAGAAAAACGGACAACAAATGACTGGACGTGAATGCCACTTTTTCTGGATAACGGGCGGCGATAGTTTTCGGCAAAATTTCAGCAAAAATAAGCATCACAAAGGTTAA	116	KKSQKNGQQMTGRECHFFWITGGDSFRQNFSKNKHHKG*	-	0.9989053410734916	1	0.998905341073492	1
	ILTCNFFQRQETMTFGTIIHKR	chromosome	2370037	2370102	+	F1	TTTTCTACCTCTTCTATATCTAAAATGCGTGCTTGCTGTTCCTCTGTTGTTTCCATTTTCCAACGA	2370037	2370132	TTTTCTACCTCTTCTATATCTAAAATGCGTGCTTGCTGTTCCTCTGTTGTTTCCATTTTCCAACGAATATTAAATTCATGTAGTCTAATACCATAA	95	FSTSSISKMRACCSSVVSIFQRILNSCSLIP*	-	0.9790555334220464	1	0.979055533422046	1
	VAIQFVIVCVICHKK	chromosome	103973	104017	+	F2	ATCTTGCTTGGATCGTCAGGGTTGATGTTCGACACAAAAATAAAG	103970	104047	ATGATCTTGCTTGGATCGTCAGGGTTGATGTTCGACACAAAAATAAAGTGCGGTAATAATTTGCCGTCTTTGTCATAA	77	MILLGSSGLMFDTKIKCGNNLPSLS*	ATG	0.9914321771748245	1	0.991432177174824	1
	MHVRLTLKWQK	chromosome	127826	127858	+	F2	GTGATTATCGCACACCTTCTTATCAGTATCAGG	127769	127948	ATGTGGGATTATCAAAACATTTTGCCTTACACCTTGAAGGTTTGCACAAAAAAGCCGGTGATTATCGCACACCTTCTTATCAGTATCAGGGGAGCACGCATCATAAATTGGCAAATAGCTTTGTGGATAATCGAAGTGGCAGTGTTGGGCTTTCTTGGGTGGGTGATAAAGGTTATTTAG	179	MWDYQNILPYTLKVCTKKPVIIAHLLISIRGARIINWQIALWIIEVAVLGFLGWVIKVI*	ATG	0.9832579257972259	1	0.983257925797226	1
	QFDALVTRMKER	chromosome	131363	131398	+	F2	AACCAAATCAGTAATACAGTTCCCAATATGGCCAAA	131126	131485	ATGCCAAGGCTTCCAAATGCCAGTACACAAATGACGCCTAACGCGGCACCGCCAGAGGTGCCAATCAGGCTGGGATCGGCTAAGGGATTTTCAAATAAGGCTTGCAGCCCGGCACCCGCTGCCGCGAGTGCTGCGCCAACGAGTAAGGCATTGAGAATACGAGGAATGCGGATATCAAAAACGATGGGATCAAGGGCGTTTGGTGGCTGCCAACCACCAAAGCCCACGCCAGTTGAAAACCAAATCAGTAATACAGTTCCCAATATGGCCAAAAAGACAGACAGTTTTTTCATTCGGAATGCAGATTACTTCGCTAAATCATGTAAACGTTTTAACACTTCAGGGGTGTTTAATCCATAA	359	MPRLPNASTQMTPNAAPPEVPIRLGSAKGFSNKACSPAPAAASAAPTSKALRIRGMRISKTMGSRAFGGCQPPKPTPVENQISNTVPNMAKKTDSFFIRNADYFAKSCKRFNTSGVFNP*	ATG	0.9995837806897693	1	0.999583780689769	1
	GPFLDLHLLK	chromosome	153149	153178	+	F2	TTGCCAAATGTGGCTATGTTCCGCGCCAGA	153095	153190	CTGGGGCGGGCTCGGGTAAAACACGGGTTATCATTAATAAAATTGCTTATCTCGTTGCCAAATGTGGCTATGTTCCGCGCCAGATTGCGGCGGTGA	95	LGRARVKHGLSLIKLLISLPNVAMFRARLRR*	CTG	1.0	1	1	1
	MMLMSLKRLK	chromosome	175109	175138	+	F2	TGGATGTGTATGCCCAACGCGAAGCTCAAA	175046	175213	ATGCATGGGTACGTGCACGTCAAAAAGCCGCGGAAAAAATTCGTGATGTGGCTGCGGAATTGTTGGATGTGTATGCCCAACGCGAAGCTCAAAAAGGCTTTGCTTTCCATTATGATCGTGAAGCGTTTCAACAATTTGCAGCGACTTTCCCGTTTGAAGAAACGGTAG	167	MHGYVHVKKPRKKFVMWLRNCWMCMPNAKLKKALLSIMIVKRFNNLQRLSRLKKR*	ATG	0.996181418955275	1	0.996181418955275	1
	VGMWGERHSHHKK	chromosome	423236	423274	+	F2	GTTAATGTTGTTTTTCCTTTAGCTAATGCGGAAAGTAAG	423221	423331	CTGTCTAACAGATTGGTTAATGTTGTTTTTCCTTTAGCTAATGCGGAAAGTAAGAGTGCGCGATTGGATAAGCTTTTGGAGCCCGGTAAACGCACCTCGCCTTCAATATAA	110	LSNRLVNVVFPLANAESKSARLDKLLEPGKRTSPSI*	CTG	0.9697231704955349	1	0.969723170495535	1
	LNHISTGVTCGLSIWFKLDNRK	chromosome	546518	546583	+	F2	GCATAACTGCCTCGTAGTAAAGCACCAACGGAATTACCTGCTTTAACAATATGTTGTGGATCTAAA	546515	546592	CTGGCATAACTGCCTCGTAGTAAAGCACCAACGGAATTACCTGCTTTAACAATATGTTGTGGATCTAAAGTGTTATAA	77	LA*LPRSKAPTELPALTICCGSKVL*	CTG	0.9960841327828397	2	0.99608413278284	2
	CGALSLHTRGLRFSTCSIR	chromosome	735407	735463	+	F2	CTGACGGTTCGTTACGATGGCATGAACCAAATTCCGCCATACGAATTGGTAGATCGC	735401	735487	ATGAACCTGACGGTTCGTTACGATGGCATGAACCAAATTCCGCCATACGAATTGGTAGATCGCGATAGGATTTTAAACCTTGATTAA	86	MNLTVRYDGMNQIPPYELVDRDRILNLD*	ATG	0.9802942219023872	1	0.980294221902387	1
	LALGDSGKYCSMISCGTIGK	chromosome	860072	860131	+	F2	GTCGCTTTGGTAAGGCTTTCCTCACTCCCTTCACTGTGCATCGGTAAGCCTGCGTTAAAG	860036	860212	CTGTCTTTATTCAGCGTAATCCGCCCTGCTGTTAAGGTCGCTTTGGTAAGGCTTTCCTCACTCCCTTCACTGTGCATCGGTAAGCCTGCGTTAAAGTTCGCTCCCTTCTTACCCGCTATAAACTCGGCATTCTTACTGCCTGCTGACACAACCTTGTGTGTATCCGCATCACGATAA	176	LSLFSVIRPAVKVALVRLSSLPSLCIGKPALKFAPFLPAINSAFLLPADTTLCVSASR*	CTG	0.9986723716729153	1	0.998672371672915	1
	KPVIIAHLLISIR	chromosome	1075247	1075285	+	F2	AAAGAAATGGAAATAAAAAAGATGGAAGTGATGATAAAA	1075202	1075291	ATGATTAATAAACATACAAGATTTGTCAGTAATATCAACAAATGTAAAGAAATGGAAATAAAAAAGATGGAAGTGATGATAAAAATCTAA	89	MINKHTRFVSNINKCKEMEIKKMEVMIKI*	ATG	0.9640048833138526	1	0.964004883313853	1
	FLIFCVVYDQLK	chromosome	1131668	1131703	+	F2	TTTATGAATCGGCTCAATGCCACATTCTCGCATCGC	1131668	1131799	TTTATGAATCGGCTCAATGCCACATTCTCGCATCGCGCTATCCGCCAATTCAACGGATTGTGGCACGGTTTTCACGACTTCATTCATGTTCTTATAACTGTCTTTAATTTCAAGTGTGATTGGCTTTTTTAA	131	FMNRLNATFSHRAIRQFNGLWHGFHDFIHVLITVFNFKCDWLF*	-	0.9885133247497927	1	0.988513324749793	1
	CYLLRGAQMCVMIKIINTK	chromosome	1195199	1195255	+	F2	CTTTCCTCAAAAGTTATGATGTGGACTTTTTATCAAGTCACTTTAGTCAGCTTGAAA	1195166	1195303	ATGAGAGAACAGAGATGCAATTATCTCCTGCTGCTTTCCTCAAAAGTTATGATGTGGACTTTTTATCAAGTCACTTTAGTCAGCTTGAAAAAGCTGCATCGCATATCATTGTTTGGCGTAACCGACATTTTCAGGTAA	137	MREQRCNYLLLLSSKVMMWTFYQVTLVSLKKLHRISLFGVTDIFR*	ATG	0.9648586731546648	1	0.964858673154665	1
	LSKRASVLR	chromosome	1256966	1256992	+	F2	TCTGAATTCATGACTGCTTCATCTAAA	1256954	1257112	TTGCCATGTTCATCTGAATTCATGACTGCTTCATCTAAAAGTGTTCCACCAATATCATTTTTAATCATATTGGCTACCATGTGGTTAACAGCGTTACCGCCACCACCACCGACGCCCACAACTTTAATGAGAGCTCCGTCCATTTCACCAAGATCATAA	158	LPCSSEFMTASSKSVPPISFLIILATMWLTALPPPPPTPTTLMRAPSISPRS*	TTG	0.9973902865250608	1	0.997390286525061	1
	QAPSTRSVPVNPVLSTNSPK	chromosome	1305587	1305646	+	F2	AAAGGCGAACACAAGGTTCGCCTTTTTCAACACAATTTTGTGATTATTTCACACGTGAAA	1305584	1305676	ATGAAAGGCGAACACAAGGTTCGCCTTTTTCAACACAATTTTGTGATTATTTCACACGTGAAACATATTCACCTGAGCGAGTATCGACTTTGA	92	MKGEHKVRLFQHNFVIISHVKHIHLSEYRL*	ATG	0.9715123735052439	1	0.971512373505244	1
	SFCNDISRHDICINNRYAK	chromosome	1398128	1398184	+	F2	GTGGGTAAATTACCAGCTGACTTCACTTACTACGATTTAGCAAAACCTGAATACAAA	1397678	1398745	TTGGTTAAATTGACCGCACTTTTAACCGTAAACACTCATCTGAGGAATGTGATTATGAAAAAAATCTCAACACTTGCATTGGCTTTATCTGCAGTGATTTCAACATCCGCTATGGCGGCAAATGAAGTTAACGTTTATTCTTACCGCCAACCTTACTTAATCGAACCTATGTTAAAAGACTTCGAAAAAGACACTGGCGTAAAAGTCAACGTGATTTTTGCGGATAAAGGCTTAGTGGATCGTGTAAAACGTGAAGGCGAGTTAAGTCCAGCAGACGTATTATTAACAGTTGATATCAGTCGTGTGATGGAAATTGTAAAAGAAGGTTTAGCGCAACCAATCCACAGTGAAACCCTTGAGAAAAATATTCCAGCGCAATTCCGTGATTCCAAAGATGAATGGTTTGCTTTAACAACGCGTGCACGTGCCATTTACACTGCAAAAGATCGTGTGGGTAAATTACCAGCTGACTTCACTTACTACGATTTAGCAAAACCTGAATACAAAGGCAAAGTCTGTGTGCGTTCGGGTAAAAATGCCTATAACGTTTCTTTAGTTGCCTCTATGATCGCACATGATGGCGAAGCGAAAGCAAAAGCGTTCTTAGAAGGCTTAAAAGCGAACCTCGCACAAAAACCACAAGGTGGTGACCGTGATCAAGTGAAAGCGATTAAAGAAGGCATCTGTGATTACGCGTTAGGTAACAGCTATTACTTCGGTAAAATGTTAGACGATGAAAAACAACGTAGCTGGGCAGAAGCGGTTTACATCAACTTCCCGAACCAAAAAGCGCAAGGTACACACGTTAATATCAGTGGTGTAGCTATTGCAAAACACGCACCAAACAAAGCCAATGCGGTGAAATTAGTGGAATATTTAAGCGGTGATAAAGCTCAACATTTATACGCTGAGTTGAACCATGAGTACCCAGTAAAACCAGGAGTTGAGCGCTCTAAACTGGTTGCATCTTGGGGTGAATTCAAAGCTGATGATATCGCTTTAGAGAAAATCGCAGAAAATTATGATAAAGCATTAAAATTAATTGACGAAGTGAAATTCGATCTTTAA	1067	LVKLTALLTVNTHLRNVIMKKISTLALALSAVISTSAMAANEVNVYSYRQPYLIEPMLKDFEKDTGVKVNVIFADKGLVDRVKREGELSPADVLLTVDISRVMEIVKEGLAQPIHSETLEKNIPAQFRDSKDEWFALTTRARAIYTAKDRVGKLPADFTYYDLAKPEYKGKVCVRSGKNAYNVSLVASMIAHDGEAKAKAFLEGLKANLAQKPQGGDRDQVKAIKEGICDYALGNSYYFGKMLDDEKQRSWAEAVYINFPNQKAQGTHVNISGVAIAKHAPNKANAVKLVEYLSGDKAQHLYAELNHEYPVKPGVERSKLVASWGEFKADDIALEKIAENYDKALKLIDEVKFDL*	TTG	0.9964717471928187	1	0.996471747192819	1
	KPMVLTSTLLDDSQAGTIWNR	chromosome	1634159	1634221	+	F2	TCCTTGCAACTCGGTGTACCATTCCACCCTTGTTGCGTCGGCGTTGATGTCTGGTCGTGCAAA	1634150	1634245	ATGAGGCTGTCCTTGCAACTCGGTGTACCATTCCACCCTTGTTGCGTCGGCGTTGATGTCTGGTCGTGCAAACAAATCCACTGTGCTTGGGGGTAA	95	MRLSLQLGVPFHPCCVGVDVWSCKQIHCAWG*	ATG	0.9828703493149924	1	0.982870349314992	1
	VRLFCLLHNKK	chromosome	1656134	1656166	+	F2	CTTGCATGGCATCCAATGCCAATAATCCCTCGC	1656125	1656352	CTGACAAATCTTGCATGGCATCCAATGCCAATAATCCCTCGCTACTTTCCTGTCGATAAGGATACAATACTGCACGTTCGATTTGACTGGCAAAAAATTCAGCACTGCGCTGTCCTACCGCAAAATAGACTAAATCTGTTCGCCAAAAAAACCCTGTATTCTTTAACGTATCGGCTGCATACTGAACAGCATGTTTTGAAACTGCAAAAACATAATCACCCGCTTTAA	227	LTNLAWHPMPIIPRYFPVDKDTILHVRFDWQKIQHCAVLPQNRLNLFAKKTLYSLTYRLHTEQHVLKLQKHNHPL*	CTG	0.9774292044665477	1	0.977429204466548	1
	LKCAFLTNLAWHPMPIIPR	chromosome	1772285	1772341	+	F2	TTTGCATGTCTTTCAAATATCATTAGCGATGACTTACCTTTTAAATACCCCATAAAA	1772285	1772431	TTTGCATGTCTTTCAAATATCATTAGCGATGACTTACCTTTTAAATACCCCATAAAACTTGAAACGGCCAGTTTCGGAGGTATCCTTAACAGCATATGGATATGCTCTTTCATTGCATATGCCTCTATTATCTCTACATTCTTGTAG	146	FACLSNIISDDLPFKYPIKLETASFGGILNSIWICSFIAYASIISTFL*	-	0.9972897704477253	1	0.997289770447725	1
	AANAGFMKFLPTPPK	chromosome	1819838	1819882	+	F2	CCACTAATGGTGAAAACCCCAGCTTGTTTGACTTCGCAGATAAAA	1819838	1820059	CCACTAATGGTGAAAACCCCAGCTTGTTTGACTTCGCAGATAAAAGCAACATCACCTGAACTTTCCATGGTGGTTTCCACAGAAATATTTAAGCAAACTTCGTATAAATCATCACCGACTTGTTTCGCTTCTGTACTTAAATCAAAACTGAGTTTTGGCTCCCAATCTTGTTGGAAAATATGTGGAAGATTAGGTGCTTCAAACGACACATCTTTCACATAA	221	PLMVKTPACLTSQIKATSPELSMVVSTEIFKQTSYKSSPTCFASVLKSKLSFGSQSCWKICGRLGASNDTSFT*	-	0.9870607008866222	1	0.987060700886622	1
	CAIAPATKSTNTAPSFASSNLR	chromosome	1866365	1866430	+	F2	ATGTCAATTGGCAGACTGAAATGCCTCACAAGCCTTTTGAACTGCACAAATTTCCTATCTCAAAAG	1866344	1866457	TTGCGATACGAGGGCAGCAGAATGTCAATTGGCAGACTGAAATGCCTCACAAGCCTTTTGAACTGCACAAATTTCCTATCTCAAAAGCAGCTTATCAGCGTGGCTTTGACTTAG	113	LRYEGSRMSIGRLKCLTSLLNCTNFLSQKQLISVALT*	TTG	0.9592667634873294	1	0.959266763487329	1
	VRLFQHNFVIISHVK	chromosome	1906451	1906495	+	F2	GGGAGAGTGGGGATGTGGGGAGAGCGTCATTCGCATCACAAGAAG	1906400	1906522	CTGAATGAGAAGAAACCTCAAGTAGAGATACTTGAGGTTTTTTTGTTTTTGGGGAGAGTGGGGATGTGGGGAGAGCGTCATTCGCATCACAAGAAGTATAGTCATGACCCAAAAATCAAATAG	122	LNEKKPQVEILEVFLFLGRVGMWGERHSHHKKYSHDPKIK*	CTG	0.9935748566025192	1	0.993574856602519	1
	TCALCGSVER	chromosome	1960736	1960765	+	F2	AGCTGTGTGCTTGCCCTTAACCTGAATAAA	1960736	1960777	AGCTGTGTGCTTGCCCTTAACCTGAATAAAGGCTTTTTATGA	41	SCVLALNLNKGFL*	-	0.9874000034951612	1	0.987400003495161	1
	TPTVIAITISK	chromosome	2210801	2210833	+	F2	GAAATGACACAAATAATCGAAACCTGTAATAAG	2210645	2210983	ATGACCATCATTAAGACAGAAAAGCTGGAAGGATTTTCACCTAACCAATCCATTCCCCAATGTGTAAAAACCCCTAAACAAACGGCACTGAGTGCGACAATAGAGCCAACTGACAGATCAATGCCACCGGTTAAAATGACATACGTCATACCAACAGAAATGACACAAATAATCGAAACCTGTAATAAGATATTGATAATATTATTCGTGGACAAAAACACATCGGAACTTAACGACATACCAATAATCATTAACAGTAAAATGATACCGATGCCTAATTTTGAGAAAATTTTTCTTAAATTTGTCATACAATACCTATTCATCTACACCAATCATTAA	338	MTIIKTEKLEGFSPNQSIPQCVKTPKQTALSATIEPTDRSMPPVKMTYVIPTEMTQIIETCNKILIILFVDKNTSELNDIPIIINSKMIPMPNFEKIFLKFVIQYLFIYTNH*	ATG	0.9852449750809101	1	0.98524497508091	1
	NNMFSDASFSR	chromosome	2274110	2274142	+	F2	GCTTGTTCCTCGGGTTCGTCATGCACCACAAAA	2274110	2274157	GCTTGTTCCTCGGGTTCGTCATGCACCACAAAATGGCATTCTGGATAG	47	ACSSGSSCTTKWHSG*	-	0.9968137486630501	1	0.99681374866305	1
	CPRCSNLVNGR	chromosome	2280005	2280037	+	F2	CCGCGTGGGAGGCTTTTGTGGCTTACAAGGAAA	2280005	2280046	CCGCGTGGGAGGCTTTTGTGGCTTACAAGGAAAAAGAATTAA	41	PRGRLLWLTRKKN*	-	0.968569360388429	1	0.968569360388429	1
	MMTPELIKLNKFYR	chromosome	2306150	2306191	+	F2	ATGCACTGTCAAACTGGTGAAAGCGTGTTAAACAAGGTAAAA	2306132	2306239	TTGATCTTTTGTGTAAAAATGCACTGTCAAACTGGTGAAAGCGTGTTAAACAAGGTAAAATTCTGCCCCAATAATAATGACAAAGGAAGAGCAAAATGCGCGTGTTAG	107	LIFCVKMHCQTGESVLNKVKFCPNNNDKGRAKCAC*	TTG	0.9998793651721771	1	0.999879365172177	1
	PLVDLLPYRLQEYVRHLCHR	chromosome	2334896	2334955	+	F2	ACCAAAATCAAACTGCATCGCATCTGTTTCAATCACGGTGATTTTATGGTGCAAGAACGG	2334893	2334967	CTGACCAAAATCAAACTGCATCGCATCTGTTTCAATCACGGTGATTTTATGGTGCAAGAACGGGTGGTGGCGTAA	74	LTKIKLHRICFNHGDFMVQERVVA*	CTG	0.9999994880618903	1	0.99999948806189	1
	QICNCQPMRCSLKK	chromosome	2370122	2370163	+	F2	TAATACCATAAACTCGTTCTAATGATTGCATCTTTTGATAGG	2370122	2370196	TAATACCATAAACTCGTTCTAATGATTGCATCTTTTGATAGGCTGGGCGCGGATCTTGGGCAATTACCTCTGTGA	74	*YHKLVLMIASFDRLGADLGQLPL*	-	0.9552720165724818	2	0.955272016572482	2
	LYLNPSALMDTQCCRKR	chromosome	192174	192224	+	F3	ATACTTACGGCGGTGCCGCGCGTCATGGTGGCGGTGCATTCTCGGGTAAAG	192168	192239	TTGTGGATACTTACGGCGGTGCCGCGCGTCATGGTGGCGGTGCATTCTCGGGTAAAGATCCTTCCAAAGTAG	71	LWILTAVPRVMVAVHSRVKILPK*	TTG	0.9916992806632794	1	0.991699280663279	1
	RGAVGLVNK	chromosome	246711	246737	+	F3	ATGGCACTTTCTTCTTGTTTAATACGC	246711	246758	ATGGCACTTTCTTCTTGTTTAATACGCACGCCTAGGATAAGCAAATAA	47	MALSSCLIRTPRISK*	-	0.999890125893323	1	0.999890125893323	1
	LNRIVRISTMINIPTWSFK	chromosome	279432	279488	+	F3	TGGAGATCGCATTACAGAAAGGTTCTATCAAACAACATTCTGCATCAGATTGGCAAG	279399	279491	TTGCGAAACCCATTTTATTTAATACACAACAATTGGAGATCGCATTACAGAAAGGTTCTATCAAACAACATTCTGCATCAGATTGGCAAGTGA	92	LRNPFYLIHNNWRSHYRKVLSNNILHQIGK*	TTG	0.9965337837779721	1	0.996533783777972	1
	VRLFQHNFVIISHVK	chromosome	335634	335678	+	F3	GGGAGAGTGGGGATGTGGGGAGAGCGTCATTCGCATCACAAGAAG	335583	335705	CTGAATGAGAAGAAACCTCAAGTAGAGATACTTGAGGTTTTTTTGTTTTTGGGGAGAGTGGGGATGTGGGGAGAGCGTCATTCGCATCACAAGAAGTATAGTCATGACCCAAAAATCAAATAG	122	LNEKKPQVEILEVFLFLGRVGMWGERHSHHKKYSHDPKIK*	CTG	0.9935748566025192	1	0.993574856602519	1
	LKSGDVDIIVLNNK	chromosome	354348	354389	+	F3	GTGCATTACGTGAAGCGATGGAGCAAGGTAAAATTCATTCGG	354336	354416	ATGATCCGGGTTGTGCATTACGTGAAGCGATGGAGCAAGGTAAAATTCATTCGGTGCGTTTTGCCAATTATCATCGCTTAA	80	MIRVVHYVKRWSKVKFIRCVLPIIIA*	ATG	0.9532935337180019	1	0.953293533718002	1
	DAPCALTLISKTSR	chromosome	357798	357839	+	F3	ATGAAAGTGCTATCAATGTCTCATTTTTTGTCTTTTGCGAGA	357777	357860	CTGATACGTCTCTATCTGTATATGAAAGTGCTATCAATGTCTCATTTTTTGTCTTTTGCGAGAGAAATAACTATCTTTCTCTAA	83	LIRLYLYMKVLSMSHFLSFAREITIFL*	CTG	0.9988987438186907	2	0.998898743818691	2
	SNMPFFISIK	chromosome	523245	523274	+	F3	ACGTGGAAAAAGAAAAGCGCCGTGCAGAAG	523242	523331	TTGACGTGGAAAAAGAAAAGCGCCGTGCAGAAGAAGCCGAATTACGTCGTAAAGCTGATGAACTTGCACGCCAAAAAGCAGAAGAGCTAG	89	LTWKKKSAVQKKPNYVVKLMNLHAKKQKS*	TTG	0.9494124690141919	2	0.949412469014192	2
	IDRTFAFGIIK	chromosome	642342	642374	+	F3	CCTTCAGTCGCGGAATACGCTTTAATAGCACGG	642282	642395	ATGCCCACCAAATTGGTGGGCATATTTGTTAGTCGGGATTATTTGCTGACTTTAATTTGTCCTTCAGTCGCGGAATACGCTTTAATAGCACGGTCATACATACTTTCTGCATAA	113	MPTKLVGIFVSRDYLLTLICPSVAEYALIARSYILSA*	ATG	0.9889948461249817	1	0.988994846124982	1
	LTSINSKSVLKINK	chromosome	714249	714290	+	F3	CTAAAATCAGGTGATGTGGACATAATCGTACTCAATAACAAA	714240	714293	ATGAAAAAGCTAAAATCAGGTGATGTGGACATAATCGTACTCAATAACAAATAA	53	MKKLKSGDVDIIVLNNK*	ATG	0.9999554385203392	1	0.999955438520339	1
	LIISVWWWMTGIWASRMWCAVKTISTIR	chromosome	905631	905714	+	F3	GTTCGATAATGGCGAAATGTTCTATGGGACATGAAGCCATTGCAAACTGGTTTAATAGCGAAGTGCGGTCAGATTCTGCCAAAA	905631	905834	GTTCGATAATGGCGAAATGTTCTATGGGACATGAAGCCATTGCAAACTGGTTTAATAGCGAAGTGCGGTCAGATTCTGCCAAAATTCAAACAGTACTTCAGCAACTCCAAACAGGCAAAGCACAACAAGACATCACACTCATTGGGACAGAATACAGTGTATTTATCAATCAAGAAGAAGTCATGGTTCGCGCTAATAATCTAA	203	VR*WRNVLWDMKPLQTGLIAKCGQILPKFKQYFSNSKQAKHNKTSHSLGQNTVYLSIKKKSWFALII*	-	0.9900872831407599	1	0.99008728314076	1
	MKIAFLMVDVGVKNMR	chromosome	915099	915146	+	F3	ATTAAAGTGTCCGCTTTAACCGTGCCAGAAAATGAACTTTCACGCAAA	914376	915698	ATGTTAGCCAGAATGTTATATCAATCTTGGCGCTTTGGTTTAAAACGCAAACTTCTCGCAATCATAACTCTTTTTCTTGCCGCAGGTTTAGTCTCCGCACTCCTCGCGGTTTCTATTGATATTGGTGACAAAATGGCGCGCGAATTAAAATCCTATGGTGCCAATATCTTAATTGAACCCGCTAGCCGTGCGATTTTACCCGAGGATGTGAATGGCGCCAGTTCATTAACTAGCCAAGACTTTCTTGATGAAAAAGAATTACCTAATGTAAAAGACATTTTTTGGCGAAATAACATTGTCGGCTTTGCGCCGTTACTAAGTGCGAACGTACAAGCACAAAAAGCTAATCAGAATACACTACAACCGATTCAGATTTTAGGCACATTTTTTGATCGTCAGATCGCCATTCCTGATGAAGCAGATTACCATACGGGACAAAAGATTATCAGTCCATATTGGAAAGTACAAGGTGAGTGGGTCAATGATTTACAGGATCAATTTAGCACAATCGTGCCTGCCTTAGCCGGAGAACAACTTGCCAAAACCTGGTCGCTCCAGCCCGGTGAACAGATTCATCTCGCTTACCAAGACGAGGAATTTCAACAACAGCTTACAGTAGAAATCAAAGGGATACTTGCCACTGGTGGCAGCGAAGAACAACAACTGGTGCTACCGTTAAGTGCGGTACAACAATTACTTGGACTCGAAGGTAAAATCCAAGCCATTAAAGTGTCCGCTTTAACCGTGCCAGAAAATGAACTTTCACGCAAAGCACGCGCCAATGTTGAAGGACTAGATGCTGAAGAATATGATCGTTGGTACTGTACGGCTTATGTATCCTCTATTGCTCATCAATTAGAAGAGGCGATTTCAGGTGCAATTGTTCGCCCTATCTGGCAAGTCGCGGCCTCTGAAGGCGTAGTGATTGAAAAAATCCAATTATTACTGGCGGTGGTCACCGTAGCGGCAGTGATTGCTGCGGCAATGGGGATAGCCTCCTTGATGACCAGTACGATTATTGAACGAAGTAAAGAGATCGGTTTGATGAAAGCGTTGGGGGCATACCAATGGCAGATTGTCCTGCTCTTTTACTGTGAAGCCACTATTAGCGCATTATTTGGTGGTATATTAGGATGCTTAGCGGGTTGGGGACTAGCAAAATTTATTGGTATCACACTTTTTGGTCTCCCTTTAGATTTTACCTGGATAGTGGTGCCTTGTGTATTAGTGCTCTCTATCTTGATTGCTTTAATTGGTACTTGGTTCCCGGCACATCGGATTGCCAATCTCTACCCTGTTGAGGTGCTGTATGGTCGACAATAA	1322	MLARMLYQSWRFGLKRKLLAIITLFLAAGLVSALLAVSIDIGDKMARELKSYGANILIEPASRAILPEDVNGASSLTSQDFLDEKELPNVKDIFWRNNIVGFAPLLSANVQAQKANQNTLQPIQILGTFFDRQIAIPDEADYHTGQKIISPYWKVQGEWVNDLQDQFSTIVPALAGEQLAKTWSLQPGEQIHLAYQDEEFQQQLTVEIKGILATGGSEEQQLVLPLSAVQQLLGLEGKIQAIKVSALTVPENELSRKARANVEGLDAEEYDRWYCTAYVSSIAHQLEEAISGAIVRPIWQVAASEGVVIEKIQLLLAVVTVAAVIAAAMGIASLMTSTIIERSKEIGLMKALGAYQWQIVLLFYCEATISALFGGILGCLAGWGLAKFIGITLFGLPLDFTWIVVPCVLVLSILIALIGTWFPAHRIANLYPVEVLYGRQ*	ATG	0.9637130668854716	1	0.963713066885472	1
	VLSLQKKISK	chromosome	921648	921677	+	F3	ATGCCATCTCCAGTGGTGTTTTTATCTAAA	921411	921746	ATGACTCGAATTAAAGGTTCCGTCCCCGACTTACGTAATAAAATACGCCCTTTACCTGCCAAACGTTTTTCAACCTCTGTTGCAACTGCTTTTACCGCATCGCTTTCGAGTGGATTATCTCCCCCAGCAAAACGCACATTAATTAACACTTGTGGGAACAGTGGCACCGCACTGGCTAACTCATTTAAAGATAAGTTATGCTGTACCATCGCACTTAATACGGCTAAGGAAGCAATAATGCCATCTCCAGTGGTGTTTTTATCTAAAATAATAATATGCCCGGAGTTTTCCCCACCCAATAACCAGCCTTTTTCTTGCATTTTTTCCAACACATAA	335	MTRIKGSVPDLRNKIRPLPAKRFSTSVATAFTASLSSGLSPPAKRTLINTCGNSGTALANSFKDKLCCTIALNTAKEAIMPSPVVFLSKIIICPEFSPPNNQPFSCIFSNT*	ATG	0.9681170600150684	1	0.968117060015068	1
	CDGRITFCTK	chromosome	1004562	1004591	+	F3	TTATCGGCTGCCTCGCGAATTAATTCGCGA	1004562	1004903	TTATCGGCTGCCTCGCGAATTAATTCGCGACGAGCATCATCACTCAGTGATGATGCATTCAGTGCCGAAACGTGCTGCTCTGCTCCCGTTGCAGTTGGTGCTGTCTGTGGCAAGACAGCTGACAGCTCAGGAGAAACCGGTGCAGACTGTGCGTGCACCACACCGGATAAAAACACACTTAATATGAACAGAATCGTTTTCTTCATACCAATACCTTATAACGTCGCAAGCAAGAGTAAAACAAAAAAGAGCAATGACACAACCATTTCCGCTAACCCTACTTGTTTCACACTCAGTTTCATTCGAGGTAGCCAAATCGCACGGAGCAGTGCGGGGAAATAA	341	LSAASRINSRRASSLSDDAFSAETCCSAPVAVGAVCGKTADSSGETGADCACTTPDKNTLNMNRIVFFIPIPYNVASKSKTKKSNDTTISANPTCFTLSFIRGSQIARSSAGK*	-	0.9917497559447109	1	0.991749755944711	1
	AMNLTVRYDGMNQIPPYELVDR	chromosome	1080732	1080797	+	F3	CTGTACCCGTTTTAGGCATTATCGAAAATATGTCGATGCATATTTGTAGCAATTGTGGTCATCAAG	1080684	1080860	TTGCTTTACTGGATGCGATTAAAGGTGTGGCGATGTTTGAACGTGTTTCTGTACCCGTTTTAGGCATTATCGAAAATATGTCGATGCATATTTGTAGCAATTGTGGTCATCAAGAAACGATTTTCGGAACAGGCGGCGCTGAGCGCATTGCACAAAAATACAATGTCAAAGTTTTAG	176	LLYWMRLKVWRCLNVFLYPF*ALSKICRCIFVAIVVIKKRFSEQAALSALHKNTMSKF*	TTG	0.9803634626308082	1	0.980363462630808	1
	VHSFLSAASRINSR	chromosome	1121859	1121900	+	F3	TTTAACCAACGATCTGGCGTAAAGGCTGGAATTTCAAACAGA	1121859	1122158	TTTAACCAACGATCTGGCGTAAAGGCTGGAATTTCAAACAGACCAAATTTTTGCGATTGTGCTGGTAATGCATTAAACCAGTATTCATCTTGTGAATTAGGACCAATTATCTCTACGTTAAAATGCGCCTTCAATTTTGGTGCCGCCCCCACATGGTCAAGATGTCCATGTGTCAATAAAATAGTTTGTAAATTCAAGTCCAACTCTTCAATTCGCTTAATCAATTTTTCCGCGTCACCACCGGGATCAATAATTGCCGCATTACGCTTCTCATCCCAAATTAAAGAACAATTTTGCTGA	299	FNQRSGVKAGISNRPNFCDCAGNALNQYSSCELGPIISTLKCAFNFGAAPTWSRCPCVNKIVCKFKSNSSIRLINFSASPPGSIIAALRFSSQIKEQFC*	-	0.998266027460692	1	0.998266027460692	1
	QRGFINLATTQSK	chromosome	1214151	1214189	+	F3	TACAGTTCTAAGATATCAAGTGCCGAAGAACATACACGA	1214151	1214198	TACAGTTCTAAGATATCAAGTGCCGAAGAACATACACGACAGTCATAA	47	YSSKISSAEEHTRQS*	-	0.9993734562502681	1	0.999373456250268	1
	LLERPTNAELELLNFIALVFFK	chromosome	1284978	1285043	+	F3	AAGGAAAGAGTATGGCAAAACGCGGCAAAAATAAAATTGAGTGGGACAATACTGACTGGGAACAAG	1284978	1285103	AAGGAAAGAGTATGGCAAAACGCGGCAAAAATAAAATTGAGTGGGACAATACTGACTGGGAACAAGAAGAAGAGGAAATCATTTGGGTCAGTAAAAGCGAAATTAAGCGCGATGCCGAAGCATTAA	125	KERVWQNAAKIKLSGTILTGNKKKRKSFGSVKAKLSAMPKH*	-	0.9830862288074519	1	0.983086228807452	1
	LLWILTAVPRVMVAVHSRVK	chromosome	1316748	1316807	+	F3	AGATCCTTTTGTAACGATATCTCTCGCCACGACATCTGCATCAATAACAGGTACGCCAAG	1316709	1316819	ATGCTCACCAAAATGATCGACTATTTTGGCAAGCAGTTCAGATCCTTTTGTAACGATATCTCTCGCCACGACATCTGCATCAATAACAGGTACGCCAAGTGCCATGAATAA	110	MLTKMIDYFGKQFRSFCNDISRHDICINNRYAKCHE*	ATG	0.9999691566453285	1	0.999969156645328	1
	TTCCQLLCNGIHKLR	chromosome	1332207	1332251	+	F3	TTATTTTTTATAATTTTTGTTAATTATAGGGAGTTTTCGTGCAAA	1332207	1332368	TTATTTTTTATAATTTTTGTTAATTATAGGGAGTTTTCGTGCAAAATAAAAGCGCTTTTTTGTTCAAAAAACACCCAAAGCCATTTTTTCTTACGCCAGATCAATTTATTGTTAAAATATTTTAATTTTCAACAAATTAACATTAATTTAAATAACTTATAA	161	LFFIIFVNYREFSCKIKALFCSKNTQSHFFLRQINLLLKYFNFQQININLNNL*	-	0.9990379952243398	2	0.99903799522434	2
	WFDFRGDGGDWTGYLAQSRIGR	chromosome	1421991	1422056	+	F3	AGGACGTTTAGGATCATCAAGGGTGTAACTGTCATGAATGGCGACGCGAATTTCATGGGCTTCAAA	1421952	1422077	TTGCTCAGAGCGAAAATATTGCTGATTGGTATAAAGTTTAGGACGTTTAGGATCATCAAGGGTGTAACTGTCATGAATGGCGACGCGAATTTCATGGGCTTCAAAATCGTCTTCATGCAAAAATAA	125	LLRAKILLIGIKFRTFRIIKGVTVMNGDANFMGFKIVFMQK*	TTG	0.9979878781277784	1	0.997987878127778	1
	CSTSNCISPTWIISPSLFNQRSGVKAGISNR	chromosome	1473984	1474076	+	F3	ACAATTTTTTACATAAGTTCCAATCGCTTATTAGAACGTCCCACCAATGCTGAATTGGAACTGCTCAATTTCATCGCCTTGGTATTTTTTAAG	1473984	1474100	ACAATTTTTTACATAAGTTCCAATCGCTTATTAGAACGTCCCACCAATGCTGAATTGGAACTGCTCAATTTCATCGCCTTGGTATTTTTTAAGAGGTTTCGCATAAGAGAACACTAA	116	TIFYISSNRLLERPTNAELELLNFIALVFFKRFRIREH*	-	0.9875081140853444	1	0.987508114085344	1
	WKHILYTQTMK	chromosome	1536210	1536242	+	F3	GCCATAAATCAATGTGCAATTTGCGCCATAAAG	1536150	1536275	CTGACGCACTATATAAGACCAATAAGCCATAACCGGAAATTACAATCAATCCGATCAACAGCCATAAATCAATGTGCAATTTGCGCCATAAAGACAGCCAAATATTCTTTTTATGCATTATTCTGA	125	LTHYIRPISHNRKLQSIRSTAINQCAICAIKTAKYSFYALF*	CTG	0.9889693040758982	1	0.988969304075898	1
	ALRAPLYCIFGHMLKLFADFQPTFLPAHR	chromosome	1540710	1540796	+	F3	TTCTACCCGATGGTTTCGGTTTCTTACGCTCCGCTGACAGTTCCTACCTTGCCGGCCCTGATGATATCTATGTTTCACCAAGTCAAA	1540710	1540883	TTCTACCCGATGGTTTCGGTTTCTTACGCTCCGCTGACAGTTCCTACCTTGCCGGCCCTGATGATATCTATGTTTCACCAAGTCAAATCCGTCGTTTCAACTTACAAACAGGTGATAAAATTGAAGGTAAAATTCGTCCACCTAAAGAAGGTGAACGTTATTTTGCGTTATTAA	173	FYPMVSVSYAPLTVPTLPALMISMFHQVKSVVSTYKQVIKLKVKFVHLKKVNVILRY*	-	0.9785179328027517	1	0.978517932802752	1
	NSLLPRMWMK	chromosome	1573179	1573208	+	F3	GTTCCGTTAATGCAATTTCTTCCCCTACGT	1573047	1573298	CTGAACCCGAAAACTTGGTTAAGGTTTTTAATGCTGAACGTACAGGAGGAATATGTTCTGCTAACCCATACGCTTGTTCTGCTGCGAAGCTCGCAAACGCCTGCTCGTTTAGAGTTGGCATCGTGGCAGAAAGTTCCGTTAATGCAATTTCTTCCCCTACGTTCATTTGCCCTTTACAGTATTCAAACACTTGTTTTTTCACGGCTTGTGATTGTTCTTTGCTTAAATCGGCTTGCGCACAATAATCACTGA	251	LNPKTWLRFLMLNVQEEYVLLTHTLVLLRSSQTPARLELASWQKVPLMQFLPLRSFALYSIQTLVFSRLVIVLCLNRLAHNNH*	CTG	0.9954971168923353	1	0.995497116892335	1
	FIPCFSISNLK	chromosome	1591896	1591928	+	F3	GCCTTGGCATTATCGCCGTCGTGTGCGTTTAAG	1591896	1592015	GCCTTGGCATTATCGCCGTCGTGTGCGTTTAAGCGTGCGGTTTCATCCCAAAAGCAAACAACTTGCGATGGGTTTGCGTCAGAGAAATACTCAACAAATCGTGAATCTGCAGCATTGTGA	119	ALALSPSCAFKRAVSSQKQTTCDGFASEKYSTNRESAAL*	-	0.9967051721554161	1	0.996705172155416	1
	EQRCNYLLLLSSKVMMWTFYQVTLVSLK	chromosome	1672710	1672793	+	F3	GGGTAATTTTTATCATCAAAAAAACGACGTGTAACACTAAAACTTTCTGCCATAATATCCTCTACAATAAGCTATTCGTTCAAA	1672710	1672856	GGGTAATTTTTATCATCAAAAAAACGACGTGTAACACTAAAACTTTCTGCCATAATATCCTCTACAATAAGCTATTCGTTCAAAAAACGAAGCATTAAACCAATTTTTTGTTATTTTTGCAATAAACCTTTTACTGTTTCGACATAA	146	G*FLSSKKRRVTLKLSAIISSTISYSFKKRSIKPIFCYFCNKPFTVST*	-	0.9981039114609226	1	0.998103911460923	1
	MRACCSSVVSIFQR	chromosome	1700052	1700093	+	F3	GATGGTTTTTGTACAACTCTTTCACCATCCACCACCGCCAAA	1700037	1700105	TTGGCTTTTGTACGTGATGGTTTTTGTACAACTCTTTCACCATCCACCACCGCCAAAGGATCGACATAA	68	LAFVRDGFCTTLSPSTTAKGST*	TTG	0.9934638038832927	1	0.993463803883293	1
	EQHKDFPCAFLCDISHKK	chromosome	1821729	1821782	+	F3	GCTAGGCGATACGCTTATGCAAGCCCATATTGTGGAAGTCAAAGATTCAGTAAA	1821726	1821794	ATGGCTAGGCGATACGCTTATGCAAGCCCATATTGTGGAAGTCAAAGATTCAGTAAAATACCTCGTTGA	68	MARRYAYASPYCGSQRFSKIPR*	ATG	0.9680069601220099	1	0.96800696012201	1
	VWGWSVSARYYSMLTPTMK	chromosome	1825680	1825736	+	F3	ATGGTGGTGCTGCCTCGCCCTCTACGGCAGAAAACAGTGATTATGAAGATCGGAAAA	1825680	1825748	ATGGTGGTGCTGCCTCGCCCTCTACGGCAGAAAACAGTGATTATGAAGATCGGAAAAACTTCTTCTTGA	68	MVVLPRPLRQKTVIMKIGKTSS*	-	0.9927854813862221	1	0.992785481386222	1
	MSIGRLKCLTSLLNCTNFLSQK	chromosome	1832733	1832798	+	F3	AAAAAAATTCCCAAATCGAGCGAGAAAAGATGGACGCTATTATGTTGTGGATTTCACCTTAAAAGA	1832733	1832837	AAAAAAATTCCCAAATCGAGCGAGAAAAGATGGACGCTATTATGTTGTGGATTTCACCTTAAAAGAAATCCAAAGTTTAGAGATGACAGAAAACTTCAAAGTTGA	104	KKIPKSSEKRWTLLCCGFHLKRNPKFRDDRKLQS*	-	0.9999626190990851	1	0.999962619099085	1
	TCTLCCKKK	chromosome	1887636	1887662	+	F3	AATATGCCATTTTTCATCTCGATCAAG	1887546	1887674	CTGATCCTGAACACACAGCCGAACAATGGCTCCCACAATTTCTCAGTCAATTATAATATTTATTTCCTATACAATGGCATATGTAAATCAAATATGCCATTTTTCATCTCGATCAAGCATAATATTTAA	128	LILNTQPNNGSHNFSVNYNIYFLYNGICKSNMPFFISIKHNI*	CTG	0.9844331835923532	1	0.984433183592353	1
	RCHPLVHNNVCTIRPLVSPHQGTVVYDLR	chromosome	1980855	1980941	+	F3	CAGAAACTGGGGGTGCTGTTCAAAGTAATGCGGAGCTAATTGCATTCTTAGATGCGGATGATGCTTATGAGCCTGAAGCGCTTAAAG	1980855	1980983	CAGAAACTGGGGGTGCTGTTCAAAGTAATGCGGAGCTAATTGCATTCTTAGATGCGGATGATGCTTATGAGCCTGAAGCGCTTAAAGTGGCTAGCTGCGTTTTTCATTTCCGTCCTGAAACCGTATTAG	128	QKLGVLFKVMRS*LHS*MRMMLMSLKRLKWLAAFFISVLKPY*	-	0.951920245751361	1	0.951920245751361	1
	CLFMTNKAQK	chromosome	2032014	2032043	+	F3	GTGAGTACAATGAATGTCTTCGCTCAACGA	2031840	2032490	ATGGGCATTTGTTACAGAAGGACTCAAACTTGCCTTCTACTTACCCGCGGGCAGTTATGCCACTGCCTTGGTGAGAGAAGTGGTGAATGTGCAAGAAGATTAATTTCAACCCAACATTTAAAAGGAATGGCTATGCAAAGATGGATCAAAACACTGCTCAGTATTATGTTGCTTGTGAGTACAATGAATGTCTTCGCTCAACGAGAAGAAGACCCGGTTTTTGAACAAGGTGTTGAAGCCTATAAACGCGGTGATCATGCTACTGCGTTTAAACTTTGGCTATCACGAGCCGAGCAAGGGGAGATGAGCGCTCAATTTAATGTGGGGAGAATGTACGACGAGGGTGACGGTGTTGAACAAGACAAGCAACAAGCTTTGAAATGGTATCAAAAGTCTGCCGAGCAAAATCACCCCGATGCACAGTATCATTTAGGGCTGATGTACAGTGAAGGCGACGGCATTGCACAAGACTTTAAACAAGCCTACAAATGGTATAGCCAATCTGCCGTACAGGGCGATGCGCGTGCGCTCTATAATTTAGGTACACTCTATGCGAATGGCGAAGGAGTCGAACGCAATTGGGACAGAGCGAAAATGTATTTTAAACAAGCTTGCAAAGCGGGTTTGCCAGAAGGGTGTGACTGGGAGTAA	650	MGICYRRTQTCLLLTRGQLCHCLGERSGECARRLISTQHLKGMAMQRWIKTLLSIMLLVSTMNVFAQREEDPVFEQGVEAYKRGDHATAFKLWLSRAEQGEMSAQFNVGRMYDEGDGVEQDKQQALKWYQKSAEQNHPDAQYHLGLMYSEGDGIAQDFKQAYKWYSQSAVQGDARALYNLGTLYANGEGVERNWDRAKMYFKQACKAGLPEGCDWE*	ATG	0.9900957728027102	1	0.99009577280271	1
	ITCHGDAIR	chromosome	2274930	2274956	+	F3	ATCAATCTCGCAACAACACAAAGCAAA	2274825	2274968	TTGCGAAAATTTTGCCTGTTGCCACTGTTGGCGTGCGGCGTTGTTTTTTTCGATTGCCATACGCAATACATAATCAGCACCTTTTTCATCAGGCAACGGGGTTTCATCAATCTCGCAACAACACAAAGCAAAGCGAAAACCTAA	143	LRKFCLLPLLACGVVFFDCHTQYIISTFFIRQRGFINLATTQSKAKT*	TTG	0.969317875272157	1	0.969317875272157	1
	TVIMKIGK	chromosome	2356134	2356157	+	F3	ATTTTAGACGTAATAGTGCCAAAA	2356074	2356169	CTGATTCATTTACGATGGAACGTAATTCTTCTGGGCTTAATGAAGTTGATTTATTATCTGATTTTAGACGTAATAGTGCCAAAATCCCCTGAATAA	95	LIHLRWNVILLGLMKLIYYLILDVIVPKSPE*	CTG	0.9542738414849206	1	0.954273841484921	1
	GNSCNPFILHLPWIR	chromosome	2346031	2345985	-	R1	AACAACACAACAAGGTTAGGTATGCTATGCGATTTCCTGATAAAG	2346031	2345942	AACAACACAACAAGGTTAGGTATGCTATGCGATTTCCTGATAAAGATCAGATTTTCCCTATCAAACATTATCACCGACTGTGCTTTTTAA	89	NNTTRLGMLCDFLIKIRFSLSNIITDCAF*	-	0.9995913520495799	1	0.99959135204958	1
	KILPQHNYFFAINKEMQK	chromosome	2334799	2334744	-	R1	TATTTAAATATCACAATTGCATTCAGGACATGCACTTTATGTTGCAAAAAGAAG	2334799	2334740	TATTTAAATATCACAATTGCATTCAGGACATGCACTTTATGTTGCAAAAAGAAGTGGTAA	59	YLNITIAFRTCTLCCKKKW*	-	0.9783797051627678	1	0.978379705162768	1
	YKCESRLALIAHK	chromosome	2328016	2327976	-	R1	AACGCTGCCAATCCATTGGCTTGTTTTTCAATAAACAGA	2328091	2327915	ATGCATTCAAGCAAGGTTTTGACGAAAAAAATGTCATCACAATTGATCAGAATACTAATTGGTCTGATCTCTTTGAACGCTGCCAATCCATTGGCTTGTTTTTCAATAAACAGATTTTGTTTCTTAATTTACCGGAAAACCTCAGTGCAAGTTTACAAACTCGTTTACAAGAACTGA	176	MHSSKVLTKKMSSQLIRILIGLISLNAANPLACFSINRFCFLIYRKTSVQVYKLVYKN*	ATG	0.9981519734734488	1	0.998151973473449	1
	HCLKQSPDCHLK	chromosome	2282182	2282145	-	R1	CCTTTGGCTAATTCCGCGGCAATACAGGCTGAGAAG	2282182	2282129	CCTTTGGCTAATTCCGCGGCAATACAGGCTGAGAAGGTACAACCTGTCCCGTGA	53	PLANSAAIQAEKVQPVP*	-	0.9442508638003851	3	0.944250863800385	3
	MWYVLSLKSQNQMVLLLWHR	chromosome	2279434	2279373	-	R1	TAACCCCTGTTGAGCAAAATAGCCTTTTTGTTGTGCTACGATAATTGCTGCATGGTCAGG	2279434	2279354	TAACCCCTGTTGAGCAAAATAGCCTTTTTGTTGTGCTACGATAATTGCTGCATGGTCAGGGTTGACGAACCAATCAAGTAA	80	*PLLSKIAFLLCYDNCCMVRVDEPIK*	-	0.987879009715429	1	0.987879009715429	1
	VQMQTPMVPFQR	chromosome	2086810	2086773	-	R1	ATTAAGATGGCGCCTTCTTTTAATTGTGCGATGCGT	2086921	2086640	ATGGAGGCGGGTTCTTCTGGGAAGACATCTAAGGCTGCGCCACGGATTTTGCCAGCCTCTAAGGCTTGTGCTAAGGCATCAATATCTACTACTGTGCCTCTTGCCGCATTAATTAAGATGGCGCCTTCTTTTAATTGTGCGATGCGTTCTGCACTGATGAGGTTTTTAGTTGAGGCATTTTCAGGCACATGTAATGACACTACATCACAGCTAGACAGAAGTTCTTCTAATGTGCGTAATTGCTGTGCATTGCCTAATGGCAATTTATTCTCGATATCATAA	281	MEAGSSGKTSKAAPRILPASKACAKASISTTVPLAALIKMAPSFNCAMRSALMRFLVEAFSGTCNDTTSQLDRSSSNVRNCCALPNGNLFSIS*	ATG	0.9914864656529727	1	0.991486465652973	1
	CKYAHRIGK	chromosome	2046799	2046771	-	R1	TACACCGTGCGGGAGGTATTATGGCGA	2046802	2046767	ATGTACACCGTGCGGGAGGTATTATGGCGATTTTAG	35	MYTVREVLWRF*	ATG	0.9193699908765718	2	0.919369990876572	2
	RLNFITTLESR	chromosome	2042341	2042307	-	R1	CCATTCTTTACGTTTACCATCTCGAATATAAAG	2042341	2042207	CCATTCTTTACGTTTACCATCTCGAATATAAAGTGGACCAATCGCATCTTCTGGATACCCTTTAGCTCTCACACGTGCTTGAGCATTACGTGGTTGATAAATCCGTTCATAACTATGCGCAAGACCATATTTTAA	134	PFFTFTISNIKWTNRIFWIPFSSHTCLSITWLINPFITMRKTIF*	-	0.9837919643353746	1	0.983791964335375	1
	NSLVVFICNQALPCVVNIAK	chromosome	2013211	2013150	-	R1	GCTCTTTAACTATGCTGTATGAAAGTTCGCAACAGCTTACTACCACGAATGTGGATGAAA	2013244	2013131	ATGAAAAAACCCAAAAGTTACGTCAAACAAACCGCTCTTTAACTATGCTGTATGAAAGTTCGCAACAGCTTACTACCACGAATGTGGATGAAAGTATCTTGCAGCACGTGTTAA	113	MKKPKSYVKQTAL*LCCMKVRNSLLPRMWMKVSCSTC*	ATG	0.9936125184811841	3	0.993612518481184	3
	MHCQTGESVLNKVK	chromosome	1993039	1992996	-	R1	TAACTAAAGATGCACGTACGCCTTACGCTGAAATGGCAAAAA	1993039	1992986	TAACTAAAGATGCACGTACGCCTTACGCTGAAATGGCAAAAAATTTCGGTGTGA	53	*LKMHVRLTLKWQKISV*	-	0.9562594185331693	1	0.956259418533169	1
	SNTSSDSATPICLHTVERGMSLRTNDHCR	chromosome	1960855	1960767	-	R1	TAACCGTACCCATTCACCACGCACCGCGCGATCTTGGAAAAGGTAGCGATACAGTTTGTCATTGTCTGTGTTATCTGTCATAAAAAG	1960855	1960700	TAACCGTACCCATTCACCACGCACCGCGCGATCTTGGAAAAGGTAGCGATACAGTTTGTCATTGTCTGTGTTATCTGTCATAAAAAGCCTTTATTCAGGTTAAGGGCAAGCACACAGCTTCCCCATATTCCTTTCTTTAATAAGAAAAGTAGGTAA	155	*PYPFTTHRAILEKVAIQFVIVCVICHKKPLFRLRASTQLPHIPFFNKKSR*	-	0.9998181640926548	1	0.999818164092655	1
	MAPSFNCAMR	chromosome	1930783	1930752	-	R1	AATGCATCATCAATTTTTTTACCAAAAAAG	1930852	1930655	TTGATGATTTTTGTCGCAGTCGGTACACCTAAATCGGCGATGAGGAGCTGTTCTTCTAATTCCTCAAATAATGCATCATCAATTTTTTTACCAAAAAAGAAACTGCGAAAACCCGCACCAAGATTTTGTTTGGTTTTTAACAGACCTTTCACTAAACGGCTAAAAAACCCACCTTCACTCTTTTTTTCTTGTTCTTGA	197	LMIFVAVGTPKSAMRSCSSNSSNNASSIFLPKKKLRKPAPRFCLVFNRPFTKRLKNPPSLFFSCS*	TTG	0.9865124130077834	1	0.986512413007783	1
	RSALALSPSCAFK	chromosome	1881451	1881411	-	R1	CCGTGCGTAAACGTCCTGGTATGTACATTGGGGATACGG	1881457	1881347	TTGATGCCGTGCGTAAACGTCCTGGTATGTACATTGGGGATACGGATGATGGTACGGGTTTACATCACATGGTGTTCGAAGTCGTGGATAATTCCATTGACGAAGCTTTAG	110	LMPCVNVLVCTLGIRMMVRVYITWCSKSWIIPLTKL*	TTG	0.9652085942765791	1	0.965208594276579	1
	KLQSIRSTAINQCAICAIK	chromosome	1835278	1835220	-	R1	CTTGTTGATCTCCTGCCATACCGGCTACAGGAATACGTACGCCACCTTTGCCACCGA	1835278	1835171	CTTGTTGATCTCCTGCCATACCGGCTACAGGAATACGTACGCCACCTTTGCCACCGATATTGGTTTGACCATATATTTCAGAAGAATTACGCACCTCAGGCAACATAG	107	LVDLLPYRLQEYVRHLCHRYWFDHIFQKNYAPQAT*	-	0.9991864654506483	1	0.999186465450648	1
	SKAPTELPALTICCGSK	chromosome	1775758	1775706	-	R1	TGTGTGCAATTTCGTTTTCTAATTTTTTGCGTTGTGTACGATCAATTAAAA	1775758	1775702	TGTGTGCAATTTCGTTTTCTAATTTTTTGCGTTGTGTACGATCAATTAAAAAGATGA	56	CVQFRFLIFCVVYDQLKR*	-	0.9948557884212406	2	0.994855788421241	2
	CCCESIFTQSSSPPMRVK	chromosome	1652197	1652142	-	R1	CACCATTGTAAGCGTACCATGCACCTGCTTTATCCACTAATTTGTGTTTTACGC	1652197	1652132	CACCATTGTAAGCGTACCATGCACCTGCTTTATCCACTAATTTGTGTTTTACGCCTAACTCGATGA	65	HHCKRTMHLLYPLICVLRLTR*	-	0.99725721901322	1	0.99725721901322	1
	TFRIIKGVTVMNGDANFMGFK	chromosome	1451593	1451529	-	R1	AGTACGTTATTGACTTGGTTTGGGTAATCAGAACGTCCCGTGCAAACAATTGCATCTGGACGA	1451680	1451060	ATGGCATGCACTGCCGCGAGTTTCATCTCTTCGTTGATTGCTGTTGCACTCACATCTAATGCCCCACGGAAAATAAATGGGAAACAGAGTACGTTATTGACTTGGTTTGGGTAATCAGAACGTCCCGTGCAAACAATTGCATCTGGACGAACGGCTTTCGCTAAAGGCGGTAAAATTTCGGGATCAGGGTTAGCTAACGCAAGGATTAACGGGTTGGCCGCCATGGTTTTTACCATGTCTTGGGTTAATGTACCCGCCGCAGAGCAACCTAAGAAAATATCCGCATCGTTGATGACTTCCGCTAACGTACGTTTACCGTTGTCTTCAATTGCATATAATTTTTTAGTATCATCCATGCGTTCATCGCGACCATGGAAAATCACCCCTTTTGAATCACAGACGATAATATTTTCACGCGGTAAACCTAAACTGACCAATAAATTTAAACACGCAATCGATGCGGCACCCGCGCCCGAGGCAATCAATTTAACCTTGGCAATGTCTTTTTTCACAATACGTAAGCCATTCAAAATCGCAGCAGCACTGATAATAGCGGTACCATGTTGGTCATCATGGAAAACAGGAATTTTCATCCGCTCACGTAATTTTTGTTCAATATAG	620	MACTAASFISSLIAVALTSNAPRKINGKQSTLLTWFG*SERPVQTIASGRTAFAKGGKISGSGLANARINGLAAMVFTMSWVNVPAAEQPKKISASLMTSANVRLPLSSIAYNFLVSSMRSSRPWKITPFESQTIIFSRGKPKLTNKFKHAIDAAPAPEAINLTLAMSFFTIRKPFKIAAALIIAVPCWSSWKTGIFIRSRNFCSI*	ATG	0.9778045032828819	1	0.977804503282882	1
	GMVCVSPAILETKAMVAPNSPK	chromosome	1380712	1380645	-	R1	CCTATGGTGCTTGGCGAAGATCAGCGTGCTAAATTTGCTGTGCTGATAAAGGACTTTATTCAGAAG	1380805	1380572	CTGAAAATGGAAAACCAACTTGCCGAACTAAAAAAAGAAATAGAAGAATTAAAAATTCAAAATCAGCACCAAAACTTACTGCTAACGCTTTTACCTATGGTGCTTGGCGAAGATCAGCGTGCTAAATTTGCTGTGCTGATAAAGGACTTTATTCAGAAGTCCCAAAAACAATTGCCTGAACAGCTCGTAAGGTTTCTGGGGTCATACCTTCAAGTTTTGGAGAAGGCTGAGTAA	233	LKMENQLAELKKEIEELKIQNQHQNLLLTLLPMVLGEDQRAKFAVLIKDFIQKSQKQLPEQLVRFLGSYLQVLEKAE*	CTG	0.9995206343946382	1	0.999520634394638	1
	MMPSGILCTQKHLNNTPRMQK	chromosome	1378555	1378491	-	R1	TTGATGTTATTCATATTGAATGGGAGTAAAAATTACTGTTTTTCTTGTGGTAATGGAGGCAAG	1378555	1378487	TTGATGTTATTCATATTGAATGGGAGTAAAAATTACTGTTTTTCTTGTGGTAATGGAGGCAAGTCATAA	68	LMLFILNGSKNYCFSCGNGGKS*	-	0.9964956899586332	1	0.996495689958633	1
	GIDVIPQDSLK	chromosome	1286587	1286553	-	R1	CTCAGAGGAAGTGCGTCCAGTGTTCCGTGCCGA	1286587	1286480	CTCAGAGGAAGTGCGTCCAGTGTTCCGTGCCGAGACACCAAACGTGATGCCTACACAAACATCAACATCGTCAACACGACAAGAAAATACTCGCCAAGGGAGATTTAA	107	LRGSASSVPCRDTKRDAYTNINIVNTTRKYSPREI*	-	0.9917497559447109	1	0.991749755944711	1
	TIKFGLNPTICHR	chromosome	1168006	1167966	-	R1	GTCGGTAAGTTTGGTCATAGCATATGTCAAATGGAGAAG	1168018	1167962	TTGGACACAAGAGTCGGTAAGTTTGGTCATAGCATATGTCAAATGGAGAAGGTTTGA	56	LDTRVGKFGHSICQMEKV*	TTG	0.9884288324203773	1	0.988428832420377	1
	VALVRLSSLPSLCIGKPALK	chromosome	1107991	1107930	-	R1	CCAATGGTTTTGACATCCACATTACTTGACGACAGCCAAGCAGGTACCATTTGGAACAGA	1107991	1107812	CCAATGGTTTTGACATCCACATTACTTGACGACAGCCAAGCAGGTACCATTTGGAACAGAACATACAGCGGTAAACCAGAACTGAAACCGGTAAAAATACACAGCAACATGTTCCGACTGAAAATTTGGGATAATAAACTCGGTTTTTGGGTTTCCATAATTAATCTCGATAGCCTTTAG	179	PMVLTSTLLDDSQAGTIWNRTYSGKPELKPVKIHSNMFRLKIWDNKLGFWVSIINLDSL*	-	0.9978269160633942	1	0.997826916063394	1
	QKISLITPNCYK	chromosome	1072537	1072500	-	R1	CAAATGTGTGTAATGATCAAGATTATCAACACCAAG	1072537	1072496	CAAATGTGTGTAATGATCAAGATTATCAACACCAAGTCATGA	41	QMCVMIKIINTKS*	-	0.9669385201213515	1	0.966938520121352	1
	PRRATNPPCWQSGQGIVSSACSSGSSCTTK	chromosome	1050916	1050825	-	R1	AAAGCTACTTATCAATAAACTAATTAGAAAATTACTGAGAAAAAAAGCAAATACAAATGTGAAAGTCGTTTGGCGCTGATTGCGCACAAA	1050916	1050779	AAAGCTACTTATCAATAAACTAATTAGAAAATTACTGAGAAAAAAAGCAAATACAAATGTGAAAGTCGTTTGGCGCTGATTGCGCACAAAATTCCAGCTATCTTGAAAAATTTTTGTAAAATTAATGGACATTTATAA	137	KATYQ*TN*KITEKKSKYKCESRLALIAHKIPAILKNFCKINGHL*	-	0.9916968879058758	1	0.991696887905876	1
	MYTVREVLWR	chromosome	1003126	1003095	-	R1	GACCCTAAGATCAGCTGTAAACTGTCACGT	1003153	1002950	TTGATTAGCGTATTTAAACGGCGTTCAGACCCTAAGATCAGCTGTAAACTGTCACGTTCTTCTTCTAGACGATCTTTTTCCGCTTGTAATTCGTTTTCTTCTAATTTGGCTAAGTGGCGTAAGCGTAAATTCAAAATCGCTTCTGCTTGTGTTTCACTTAATCCGAAACGATCGATTAACGCGGCTTTAGGTTCATCTTCATGA	203	LISVFKRRSDPKISCKLSRSSSRRSFSACNSFSSNLAKWRKRKFKIASACVSLNPKRSINAALGSSS*	TTG	0.9524052897746559	1	0.952405289774656	1
	MPLSQKIENNLNK	chromosome	971035	970995	-	R1	TTAATGCCATCGTTTATTTATTCTCCGTACATGATCAAA	971098	970991	TTGCGAGCAACCAACCTAAAGTGGTGGCAAAACCACCTAGCACAAAATTCAGGATATTTAAGATTAATGCCATCGTTTATTTATTCTCCGTACATGATCAAAACGTGA	107	LRATNLKWWQNHLAQNSGYLRLMPSFIYSPYMIKT*	TTG	0.9833956224315615	3	0.983395622431562	3
	CGQILPK	chromosome	960862	960840	-	R1	CAATTGACGTTTCGGGTTAAA	961060	960827	ATGAAGTGGGTTAGTACCAATTGGTGTTTCCATTGGTTCATAGTGTTCTGGGAATGGACCATCAGCCATACGTTCACGTACGAACAAACCACTTACCCCTTCTGGTTGCATGATAAATGGCATAACCGGGCTATTAGGTGGGGCAGTACCGTAGTCGGCAACATCTACATAGTTCCAGTTTTTACCGTTCCACTTGATCAATTGACGTTTCGGGTTAAATGGATTACCGGCTAA	233	MKWVSTNWCFHWFIVFWEWTISHTFTYEQTTYPFWLHDKWHNRAIRWGSTVVGNIYIVPVFTVPLDQLTFRVKWITG*	ATG	0.9658779004102054	1	0.965877900410205	1
	LPISNIKVQQTQMMSR	chromosome	952393	952344	-	R1	AGAATTTACCGCACTTTTTGTCTTTTTAGTATTATTTATAAAATCAGA	952408	952316	ATGAAAAAGTGCGGTAGAATTTACCGCACTTTTTGTCTTTTTAGTATTATTTATAAAATCAGAGCTAATCTGACGAATCATTATAAAAAATAA	92	MKKCGRIYRTFCLFSIIYKIRANLTNHYKK*	ATG	0.9833537030550006	11	0.983353703055001	11
	AIRWGSTVVGNIYIVPVFTVPLDQLTFRVK	chromosome	936226	936135	-	R1	TCAATGCGGTTAAACCAAGAATCAGGGCAATATTAGTAATATTGGAACCATAAGCATTGCCTAAAGCAATCCCCGGACTGCCATTTAAAG	936226	936086	TCAATGCGGTTAAACCAAGAATCAGGGCAATATTAGTAATATTGGAACCATAAGCATTGCCTAAAGCAATCCCCGGACTGCCATTTAAAGCGGATAAGGCTGAAACCACCATTTCTGGCATTGAAGTACCAAAACCGATAA	140	SMRLNQESGQY**YWNHKHCLKQSPDCHLKRIRLKPPFLALKYQNR*	-	0.9924634705949608	1	0.992463470594961	1
	IMSPKISR	chromosome	878617	878592	-	R1	TTTGGATGTTCACCAATCGGTAAG	878617	878537	TTTGGATGTTCACCAATCGGTAAGGCTTTAGCGTTACGCAAGATAGCAAACACTAAATTTGTGATGTGTTTACTGTCTTGA	80	FGCSPIGKALALRKIANTKFVMCLLS*	-	0.9996383676558008	1	0.999638367655801	1
	LPADFTYYDLAKPEYK	chromosome	821518	821469	-	R1	TTGCGATTGGTGGTGAAGGTGCTGTGTTCTGGATGTGGATCACGGCGC	821518	821468	TTGCGATTGGTGGTGAAGGTGCTGTGTTCTGGATGTGGATCACGGCGCTGA	50	LRLVVKVLCSGCGSRR*	-	0.9554668968357071	1	0.955466896835707	1
	LSLQLGVPFHPCCVGVDVWSCK	chromosome	747007	746940	-	R1	CCAAACACTAAGTTTTTCTCACGGCAGATCTGCAATTGCCAGCCAATGCGTTGTTCGCTAAAAAAG	747007	746909	CCAAACACTAAGTTTTTCTCACGGCAGATCTGCAATTGCCAGCCAATGCGTTGTTCGCTAAAAAAGGTGGCCCAATTTTCTTTCCAACCATTTGGTTGA	98	PNTKFFSRQICNCQPMRCSLKKVAQFSFQPFG*	-	0.9601507178371947	1	0.960150717837195	1
	LELASWQKVPLMQFLPLR	chromosome	600130	600075	-	R1	CCTAGTACGCGATCAGTCCCGGTTAACCCTGTCTTATCCACTAACTCACCCAAA	600241	600071	ATGAGTTTTGATTCTTTCCACCAAACAGTTTGGCTAAAATTCGTAAAGGTATCCATAAAGAATAACAATGCTGCCACAATCAATACGCCTCGAATAAGTCCAAAACAGGCACCTAGTACGCGATCAGTCCCGGTTAACCCTGTCTTATCCACTAACTCACCCAAAATATGA	170	MSFDSFHQTVWLKFVKVSIKNNNAATINTPRISPKQAPSTRSVPVNPVLSTNSPKI*	ATG	0.9941387461919581	1	0.994138746191958	1
	VLCSGCGSRR	chromosome	561085	561054	-	R1	ACAGGAACTGTATTAAATAATATGGCTAAA	561103	560951	ATGACTAATCCCTGTAAAACAGGAACTGTATTAAATAATATGGCTAAACCTAAAATAGAGGCTAATGCCCAAAACAACACCCCTAACGTAATACCAATCACGGCACAAAGTGCATTACGACGTGAATTACTGGCAGCTAATCGGCTGACATAA	152	MTNPCKTGTVLNNMAKPKIEANAQNNTPNVIPITAQSALRRELLAANRLT*	ATG	0.9674164578115645	1	0.967416457811564	1
	LATVLPTLVSVPVR	chromosome	543403	543360	-	R1	ATATTGGAAACAAAGGCAATGGTCGCACCAAATTCACCTAAA	543424	543122	ATGGTTTGCGTTTCACCCGCAATATTGGAAACAAAGGCAATGGTCGCACCAAATTCACCTAAAGAGCGGGCAAATCCAAGCACCACCCCGGCTAAAATACCCGGTAAAGAAAGTGGTAAAGTAATCGTGAAAAACACACGCCAAGCGGATGCACCTAACGTTTGGGCAGCTTGTTCCAATTTCATATCAATACTTTCTAAAGACAAACGTATTGCACGTACCACTAACGGAAAAGCAACTACTGCTGCAGCCAATACAGCCCCATTCCAACTAAAAGCAAAAGAAAATCCAAACCAAGAATAA	302	MVCVSPAILETKAMVAPNSPKERANPSTTPAKIPGKESGKVIVKNTRQADAPNVWAACSNFISILSKDKRIARTTNGKATTAAANTAPFQLKAKENPNQE*	ATG	0.9066500332652979	2	0.906650033265298	2
	KVMAHWRAGCYGR	chromosome	443908	443868	-	R1	ACGATTAAATTCGGACTGAATCCAACGATCTGCCACAGA	443908	443825	ACGATTAAATTCGGACTGAATCCAACGATCTGCCACAGAATATTCCACGCTGCCTTCGCTGAGATCCAATTTGTCATTGGTTAA	83	TIKFGLNPTICHRIFHAAFAEIQFVIG*	-	0.9660805397300142	1	0.966080539730014	1
	LNIKHFDLFNMLCNDINR	chromosome	270181	270126	-	R1	TTCTTCACAAGTTAATGAAAAATCGACCGCACTTTTGCTTTTGGCATAATCAAA	270247	270053	TTGCATAAGTTGGAATTGCACTTCTTGCTTGTTTTTAGTCCAGTAAAACACCATGAGATCCGCTTTTTCTTCACAAGTTAATGAAAAATCGACCGCACTTTTGCTTTTGGCATAATCAAAATACCAACTCCATACCTTCACGCTGCGCGCCGGCACTTGCTGAGGAAACTGATCATTAATGCCCCCCGCAAATAA	194	LHKLELHFLLVFSPVKHHEIRFFFTS**KIDRTFAFGIIKIPTPYLHAARRHLLRKLIINAPRK*	TTG	0.9862890803601368	1	0.986289080360137	1
	DNIIKGNR	chromosome	236689	236664	-	R1	TTCGGCACCATAATCCACAAACGC	236809	236570	TTGAACAATGACTTCTTGCCCTTCGCTCAAAATATCGCGAATGTTTGGGCGTCCTTGATAGACATAATCATCGGGAAAATACTCACGTGCAATTTCTTTCAAAGGCAAGAAACCATGACGTTCGGCACCATAATCCACAAACGCGGCTTCAAGACTAGGTTCAACACGAGTAATACGGCCTTTGTAAATGTTTGCTTTTTTCTGTTCATGACCTGGACTTTCAATATCCAAATCAAATAA	239	LNNDFLPFAQNIANVWASLIDIIIGKILTCNFFQRQETMTFGTIIHKRGFKTRFNTSNTAFVNVCFFLFMTWTFNIQIK*	TTG	0.9894227917543837	1	0.989422791754384	1
	EIASLVSVTVSMAADNIGILRR	chromosome	222838	222771	-	R1	TCACCACGGTGTTGCCAACGCTTATCTGCGGCGGCAATTAATACACCGTCTTTTGTTCTTAATAAA	222838	222719	TCACCACGGTGTTGCCAACGCTTATCTGCGGCGGCAATTAATACACCGTCTTTTGTTCTTAATAAAGACGGAATGCGCCAAATTGGCACATTATCACTACCTTGTTTTACTAAGCTCTGA	119	SPRCCQRLSAAAINTPSFVLNKDGMRQIGTLSLPCFTKL*	-	0.9994915900756662	1	0.999491590075666	1
	THTGQMLACFFSR	chromosome	65305	65265	-	R1	GACAGGTTCATCCCATGCTTTTCCATCTCTAACTTGAAG	65305	65261	GACAGGTTCATCCCATGCTTTTCCATCTCTAACTTGAAGAATTAA	44	DRFIPCFSISNLKN*	-	0.9856257230689993	2	0.985625723068999	2
	KKSAVQK	chromosome	3676	3654	-	R1	ATCGAGAACAATTTAAACAAA	3694	3503	ATGCCCTTAAGTCAGAAAATCGAGAACAATTTAAACAAATGTTCAAAACCTTTAATGACCCACAAAATAAGCTCAATTTTATTGCGGTTTGTAGTCAAAAATAAGCCATTTAAAGCGGTGCAATGCAACCTTCTTCAACCCGAAAAGTGCGGTGTTGTTGTGGTTGCATTTGCTTTAGTTGTGTTTCTGTAA	191	MPLSQKIENNLNKCSKPLMTHKISSILLRFVVKNKPFKAVQCNLLQPEKCGVVVVAFALVVFL*	ATG	0.9960524709208864	1	0.996052470920886	1
	HQLARKDLHALR	chromosome	2345169	2345132	-	R2	AAGCCCAAATTGAGCAAGCGAGCCAGCGTATTGCGA	2345181	2345125	TTGTCATCTCAAAAGCCCAAATTGAGCAAGCGAGCCAGCGTATTGCGACGGAATTAA	56	LSSQKPKLSKRASVLRRN*	TTG	0.9999936172823267	1	0.999993617282327	1
	LSAAAINTPSFVLNK	chromosome	2275227	2275181	-	R2	CGACGCGCGCTGATAAAAAATAGCACCACGCAACTGATGATAAGG	2275227	2275120	CGACGCGCGCTGATAAAAAATAGCACCACGCAACTGATGATAAGGACAGCGATAATGAGCAAATATTGTGTGGTAGTGAGTTCAGACATGCGATTGACCATTTTTTGA	107	RRALIKNSTTQLMIRTAIMSKYCVVVSSDMRLTIF*	-	0.9994549513377767	2	0.999454951337777	2
	PTPVENQISNTVPNMAK	chromosome	2254560	2254508	-	R2	GGCTGGAGCGTATCAGCGCGGTACTACAGCATGTTAACTCCAACTATGAAA	2254881	2254489	ATGAAACCGATGATGAAGCCTATGATATTTGGAACAAAGAAGTTGGTGTACCAGCAGAGCGTATTATCCGTATTGGCGATAATAAAGGCGCACCTTACGCATCTGATAATTTTTGGGCGATGGGTGATACAGGACCTTGTGGTCCTTGTACTGAAATTTTCTATGATCATGGTGAGCATATTTGGGGTGGACCGCCGGGATCACCTGAAGAAGATGGTGATCGCTATATCGAGATCTGGAATATCGTTTTCATGCAATTTAATCGTCACGCAGATGGAACAATGGAGCCATTACCAAAACCGTCAGTTGATACGGGTATGGGGCTGGAGCGTATCAGCGCGGTACTACAGCATGTTAACTCCAACTATGAAATCGATATTTTCCAAAAATTAA	392	MKPMMKPMIFGTKKLVYQQSVLSVLAIIKAHLTHLIIFGRWVIQDLVVLVLKFSMIMVSIFGVDRRDHLKKMVIAISRSGISFSCNLIVTQMEQWSHYQNRQLIRVWGWSVSARYYSMLTPTMKSIFSKN*	ATG	0.9905164448186974	1	0.990516444818697	1
	KDAIEAPVPGMIPTK	chromosome	2238372	2238326	-	R2	ATCTGTTGTGGTTTGCGTATAACCTGCCACGGTGATGCCATCCGC	2238414	2238277	TTGTCCGTTATTTTTCCATACGACCGCTTGATTACGTTTTACATCTGTTGTGGTTTGCGTATAACCTGCCACGGTGATGCCATCCGCGCTAATGGCATGTGCCATGCCGTTAAAATTATCATGCTCTTCAACAGGTAA	137	LSVIFPYDRLITFYICCGLRITCHGDAIRANGMCHAVKIIMLFNR*	TTG	0.9828609807084027	1	0.982860980708403	1
	SYSSPVKWHCCGSAHGLGRVSTR	chromosome	2228181	2228111	-	R2	TAATTTAAATTCAGAGAGCAGCACAAGGATTTTCCTTGTGCTTTTTTATGCGACATTTCTCACAAAAAA	2228181	2228104	TAATTTAAATTCAGAGAGCAGCACAAGGATTTTCCTTGTGCTTTTTTATGCGACATTTCTCACAAAAAACACTTTTAA	77	*FKFREQHKDFPCAFLCDISHKKHF*	-	0.9991260214627131	1	0.999126021462713	1
	CDLRGSASSVPCR	chromosome	2219937	2219897	-	R2	TGTTGTCAACTTTTGTGTAATGGTATTCACAAATTGCGG	2219985	2219842	ATGCTCTGCATAGTTTTCCCAGTCGGTGGCCATGTGAATAAAACCACCTGTTGTCAACTTTTGTGTAATGGTATTCACAAATTGCGGTTGGACGATGCGGCGTTTGTTGTGCTTTGCTTTATGCCATGGATCCGGGAAGAATAA	143	MLCIVFPVGGHVNKTTCCQLLCNGIHKLRLDDAAFVVLCFMPWIREE*	ATG	0.9709168474133233	1	0.970916847413323	1
	FSELIADFIFNVSRMPFDPLPIDVVTLDR	chromosome	2096769	2096681	-	R2	TCGGGCTTTTTAGAAACTTTTCTGGAAAAGTCATAGCTGAGGAAAGACGCGATAGAGGCGCCAGTTCCGGGAATGATACCGACTAAA	2096910	2096575	ATGAGAGCGCCTAACATTAAAGCAACTGCGGCATCGCCCGGGATACCTAAGGTTAATAAGGGAACAAGTGCGGTACCTGTGATCGCATTATTAGCGCATTCAGCAGCAGCAATTCCTTCGACAGAGCCTTTGCCAAACTCTTCGGGCTTTTTAGAAACTTTTCTGGAAAAGTCATAGCTGAGGAAAGACGCGATAGAGGCGCCAGTTCCGGGAATGATACCGACTAAAATACCCGATAATGAACCAATGGCAAGGGGTTTCGGTAAACGCAACCATTCACTTTTCGACACGGTGCCTTTATCGAGTTTAGGCGGTTCGAGTTGCTTATTTCCATGA	335	MRAPNIKATAASPGIPKVNKGTSAVPVIALLAHSAAAIPSTEPLPNSSGFLETFLEKS*LRKDAIEAPVPGMIPTKIPDNEPMARGFGKRNHSLFDTVPLSSLGGSSCLFP*	ATG	0.9622484399734537	1	0.962248439973454	1
	WWQNHLAQNSGYLRLMPSFIYSPYMIK	chromosome	2033667	2033585	-	R2	GATACCCCATTTCTCAAACCATGAAATCGCAGTTTCCCAATGTTGTTGGTAACCAAATTGCTGGACATAATGTTGCACAAA	2033667	2033566	GATACCCCATTTCTCAAACCATGAAATCGCAGTTTCCCAATGTTGTTGGTAACCAAATTGCTGGACATAATGTTGCACAAAATCAACGGCATAATAGCCTAA	101	DTPFLKP*NRSFPMLLVTKLLDIMLHKINGIIA*	-	0.9999171238766333	1	0.999917123876633	1
	WELMQPINGR	chromosome	1791129	1791098	-	R2	GTTGAGTTAATCGATACTCCAGCAGTACGT	1791240	1791055	TTGATAATGGCTAAAACTATTAAAGTAACTCAAGTTCGTAGTTCTATTGCTCGTTTACCGAAGCATAAGGCTACATTGCGTGGTCTTGGTCTTCGCCATATGCATCATACTGTTGAGTTAATCGATACTCCAGCAGTACGTGGTATGATTAACCAAGTTTCATACATGGTTAAAGTGGAGGAGTAA	185	LIMAKTIKVTQVRSSIARLPKHKATLRGLGLRHMHHTVELIDTPAVRGMINQVSYMVKVEE*	TTG	0.9742932206611525	1	0.974293220661152	1
	FNGFSPAGRIGKPLK	chromosome	1753662	1753616	-	R2	AAGAATATGTATATCGGCATTGATTGTGGTACACAAGGTACTAAA	1753695	1752187	TTGTTATATTTTATACCGCACTTTTTAGGGGGAAAGAATATGTATATCGGCATTGATTGTGGTACACAAGGTACTAAAGTCATCGTGGTAGATAGCCAGCAGAGACAGGTGATTGGTGTGGGCTATGCGCCGCATGCGATCATTGAAAATAGTGAAGGTCGCCGTGAACAACAGCCTCAATGGTGGACGGACGCCTTAGTCAGCGCATATCAACAAGCGATAAAACTCGCCCAAATCGAACCGCACTTGATTAAAGGGATTGGAGTATCGGGGCAACAGCATGGTTTGGTGCTGTTAGATGACAATGATCAACCGTTATACAATGCAAAACTTTGGTGTGATACCGAAACTGCGGCTGAAAATGCGGAATTTATCCGATTGTTGGGCGGTCAAGAAAAAGCGTTCTCACAGTTAGGTATCATGCCCCAAACGGGTTATACCGCCTCAAAAATTTTATGGTTTAGAAAGCAGTATCCTGAACAATATCGCCGTATAGCTAAAATCATGCTCCCACATGATTATCTGAATTATTGGCTAACGGGACATTTTTGCATGGAATATGGTGATGCCTCAGGGACAGGTTATTTTGATGTGGTGCAACGCCAATGGCATCTTGACGCCTTCAAATTACTGGCGCCAGAATTAGACCCACATCAAGTTTTACCGCCATTACGTTCTGCCCAACAAAAGATTGGTAAGGTACGTGCTGAAATTGCCGCCCTATTAGGCTTATCAGAAAATGTTATTGTGTCCACGGGTGGTGGCGATAATATGATGGGGGCGATTGGGACGGGCAATATTCAGCAAGGTATTGTAACGATGAGTTTAGGCACCTCAGGCACACTCTATGCCTATACCGATAAACCACTCACGGATTTACCGATGGAAATTGCCAATTTCTGTTCAAGTACAGACGGTTGGTTACCCTTGGTTTGTGTGATGAACATGACCTCTGCCAATAAAAATCTGATGGATTTATTACAGATTGATGTGGCTAAATTTAACGAACTCATTCAACAAAGCCCAATTGGCGCAGAAGGTATAACGATTCTGCCTTTCTTCAACGGTGAGCGTGTGCCTCCGCTACCCCAAGCGAAAGCCAGTATCTTAGGTTTAGATGCTGCTAATTTTACCCAACCGAATTTATGCCGAGCGATGATGGAAGCTGCCAGTTTTACTTTACGTTACGGCTTAGATTTATTCCGTCAAGCCGGCTTATCGACCTCACAAATCCGTTTAATTGGCGGGGGAGCGAAAAGCGCGGTATGGCGTCAAATGATTGCGGATATCATGAATACTGAAGTGGTTTGTTTGAAAGAAGACGAAGCCGCTGCACTCGGTGGCGCAATCCAAGCCATGTGGGTGAATGGTGAAGGGGCTTTAGCTGATTTATGTCACGCCTTTGTGCATCTTGATACGACATCTCTTGTACAACCTAATCCAAAAAGTGCGGTGGAATATGAGCGAGTTTATCAGCGTTATTTAGTACTTTTACAACAACATTATTAA	1508	LLYFIPHFLGGKNMYIGIDCGTQGTKVIVVDSQQRQVIGVGYAPHAIIENSEGRREQQPQWWTDALVSAYQQAIKLAQIEPHLIKGIGVSGQQHGLVLLDDNDQPLYNAKLWCDTETAAENAEFIRLLGGQEKAFSQLGIMPQTGYTASKILWFRKQYPEQYRRIAKIMLPHDYLNYWLTGHFCMEYGDASGTGYFDVVQRQWHLDAFKLLAPELDPHQVLPPLRSAQQKIGKVRAEIAALLGLSENVIVSTGGGDNMMGAIGTGNIQQGIVTMSLGTSGTLYAYTDKPLTDLPMEIANFCSSTDGWLPLVCVMNMTSANKNLMDLLQIDVAKFNELIQQSPIGAEGITILPFFNGERVPPLPQAKASILGLDAANFTQPNLCRAMMEAASFTLRYGLDLFRQAGLSTSQIRLIGGGAKSAVWRQMIADIMNTEVVCLKEDEAAALGGAIQAMWVNGEGALADLCHAFVHLDTTSLVQPNPKSAVEYERVYQRYLVLLQQHY*	TTG	0.962844753887058	1	0.962844753887058	1
	ILIGLISLNAANPLACFSINR	chromosome	1722174	1722110	-	R2	AGCTGTGCCTGTGATGTTTTGTCGCTCAATTTCGCTGTCAAAAAACAGACTGTCGAACAAAAA	1722285	1722103	TTGATCGGTTTTAACGATATAGGCAAAGTCGGGGGAATAGGTTTCGCCACCTGCCACAGGAATTTTAATGGAGTTTTTCGGAATTTTTGTAAAGACCGTCACTTCTTGAATAGCTGTGCCTGTGATGTTTTGTCGCTCAATTTCGCTGTCAAAAAACAGACTGTCGAACAAAAAGCTATCTAG	182	LIGFNDIGKVGGIGFATCHRNFNGVFRNFCKDRHFLNSCACDVLSLNFAVKKQTVEQKAI*	TTG	0.9999971310460953	2	0.999997131046095	2
	FVMWLRNCWMCMPNAKLK	chromosome	1637820	1637765	-	R2	TGAATAATGTCTTACGCTTAGAAATGCCTTTTTATGACCAACAAGGCGCAAAAA	1637820	1637737	TGAATAATGTCTTACGCTTAGAAATGCCTTTTTATGACCAACAAGGCGCAAAAAAAGCCAAAGATGTGGGCTTCCGTGTGGTGA	83	*IMSYA*KCLFMTNKAQKKPKMWASVW*	-	0.993137895203802	1	0.993137895203802	1
	LYLYMKVLSMSHFLSFAR	chromosome	1556844	1556789	-	R2	TACTCACACACCGAAAAATACAAGGTATTGAGCTTACAGAAGAAGATAAGCAAG	1556856	1556743	TTGCCGAAGATTTACTCACACACCGAAAAATACAAGGTATTGAGCTTACAGAAGAAGATAAGCAAGGTATCACTTGTCCTTATGTGTTTGATTATCCTTGCTCACCGCATTTAG	113	LPKIYSHTEKYKVLSLQKKISKVSLVLMCLIILAHRI*	TTG	0.9710761149326594	1	0.971076114932659	1
	SVGVVLNQLHGAK	chromosome	1555833	1555793	-	R2	TCCCGATGGAAGCACATTTTGTACACGCAGACAATGAAG	1555833	1555738	TCCCGATGGAAGCACATTTTGTACACGCAGACAATGAAGGGAATCTTGCTGTGCTTGGTGTGCTCTATGTATTATCCAGTGAAAACCAACGGTTAG	95	SRWKHILYTQTMKGILLCLVCSMYYPVKTNG*	-	0.9519639205706428	1	0.951963920570643	1
	HCSIERCLTKR	chromosome	1513776	1513742	-	R2	AGTGCGCACGGCCTTGGAAGAGTGTCAACCAGA	1513776	1513723	AGTGCGCACGGCCTTGGAAGAGTGTCAACCAGAACATGCTGCGGATATTTTTGA	53	SAHGLGRVSTRTCCGYF*	-	0.989619521116856	1	0.989619521116856	1
	WSKVKFIR	chromosome	1442793	1442768	-	R2	ATAAAGTCTTGGAATTGTTACAAG	1442832	1442710	TTGCCGATTCGAATGCGACGATTGCAGTCGATATGCGGCATAAAGTCTTGGAATTGTTACAAGAAGGCAAATCGAAACAAGATGTTGTCAATTTTATGGTTGAACGCTATGGGCATTTTGTGA	122	LPIRMRRLQSICGIKSWNCYKKANRNKMLSILWLNAMGIL*	TTG	0.9530815586159282	1	0.953081558615928	1
	VSALTVPENELSRK	chromosome	1403904	1403861	-	R2	AAGAAAGACGAATTAATGGTGCCAGTGATGAGGTCAATAAAA	1403994	1403803	TTGCGCCAGGCAAAATATATTCCACAGCCAATAAACCAATACAGGATAATACGATGGTATAAGGCAATGCCATATAAACCATTCTACCATAAGAAAGACGAATTAATGGTGCCAGTGATGAGGTCAATAAAAATAAGAATGCGGCTTGACCATTTGGGGTTGCAACAGAAGGAAGATTGGTACCAGTATTAA	191	LRQAKYIPQPINQYRIIRWYKAMPYKPFYHKKDELMVPVMRSIKIRMRLDHLGLQQKEDWYQY*	TTG	0.9970543177231252	1	0.997054317723125	1
	LGMLCDFLIK	chromosome	1376640	1376609	-	R2	GATACAGACAACTGCATGATGATATTAAAG	1376667	1376572	ATGAAAAATTTAAATTCAGTGAAGAACGATACAGACAACTGCATGATGATATTAAAGCAGCTAAAGACTTATCTGAAGCAGCGAATAAAACAGTGA	95	MKNLNSVKNDTDNCMMILKQLKTYLKQRIKQ*	ATG	0.999698097219552	1	0.999698097219552	1
	SKFRSIANGCSTK	chromosome	1224276	1224236	-	R2	CATACTAGAGGTTTACGTTTTAGCACTTGTTCAATTCGG	1224285	1224193	TTGTCGCTGCATACTAGAGGTTTACGTTTTAGCACTTGTTCAATTCGGGCAGCAAAGGCGTCGCTGGTTAACGGTGTTTTTAAGGTACCATAA	92	LSLHTRGLRFSTCSIRAAKASLVNGVFKVP*	TTG	0.9902766821696751	1	0.990276682169675	1
	HGLSLIKLLISLPNVAMFRAR	chromosome	1196067	1196003	-	R2	TTATCACTGATGAGGATGAAAATAGCTTTTTTGATGGTGGACGTTGGCGTAAAGAATATGCGC	1196067	1195933	TTATCACTGATGAGGATGAAAATAGCTTTTTTGATGGTGGACGTTGGCGTAAAGAATATGCGCCTTCTCGTTTACAAGAGAATGAAAATACGGTGTATTCTGAGCAATTTTGGGTGCTGTTTGAAGTGTGTTTGA	134	LSLMRMKIAFLMVDVGVKNMRLLVYKRMKIRCILSNFGCCLKCV*	-	0.9713872795857913	1	0.971387279585791	1
	KGKYVFPLCLISR	chromosome	1188141	1188101	-	R2	GCTCCAAAATGGGAATTGATGCAACCAATAAATGGCCGG	1188141	1188049	GCTCCAAAATGGGAATTGATGCAACCAATAAATGGCCGGGAGAAACTCAACGTGAATGGGGGGTACCGATTAAAAAAGATCCCGATGTTGTGA	92	APKWELMQPINGREKLNVNGGYRLKKIPML*	-	0.9987946609034561	1	0.998794660903456	1
	FAVLIKDFIQK	chromosome	1184640	1184606	-	R2	AAGAGGCTTCCTCTTATCTTTGTGAGCGCTAAA	1184640	1184434	AAGAGGCTTCCTCTTATCTTTGTGAGCGCTAAAACAATACAGCTTATTTTTATGATGAGAGAAATAAGCTGTTTTTTTATTGAAAATCGTTACACAAGCGCAAACGTTTGCGCTATAATGCGACCTTTCTTTTATGACTTACTTTCAACGCTTAATTTTAAGGATTTTCCATGCAACCTAATCGTCCTATTCGTCAAGCATTACTGA	206	KRLPLIFVSAKTIQLIFMMREISCFFIENRYTSANVCAIMRPFFYDLLSTLNFKDFPCNLIVLFVKHY*	-	0.9702236667296894	1	0.970223666729689	1
	IKLHRICFNHGDFMVQER	chromosome	1132089	1132034	-	R2	CGCGACGGCGATTGTGACGATTGAAGGTGTAAATATGCACACAGGATCGGCAAA	1132089	1132021	CGCGACGGCGATTGTGACGATTGAAGGTGTAAATATGCACACAGGATCGGCAAAAGACAAAATGATTAA	68	RDGDCDD*RCKYAHRIGKRQND*	-	0.9997564887056196	1	0.99975648870562	1
	LGIWVLKPK	chromosome	1127880	1127852	-	R2	ATAAAAACAGCACAAATAAACACTAAA	1127976	1127842	TTGATATGCGCGAGAGAAATTAAAAGATTACGCGGTTTTACTCTCAGTAATTGTGAGAGGCGTAGAAGTAAAACAAGCAATGCAAAAGAAATAGGCATAAAAACAGCACAAATAAACACTAAAAAGGCAGTATAG	134	LICAREIKRLRGFTLSNCERRRSKTSNAKEIGIKTAQINTKKAV*	TTG	0.9809095734261825	1	0.980909573426182	1
	NDTSCHLSPDSCNQFCQCHR	chromosome	944289	944228	-	R2	CCGATTTGTTTACATACCGTTGAACGTGGAATGTCGTTACGTACAAATGACCATTGTAGA	944337	944122	TTGATGCCGGCTTTTTCTAAATCTAACACTTCATCGGACAGTGCCACACCGATTTGTTTACATACCGTTGAACGTGGAATGTCGTTACGTACAAATGACCATTGTAGAATCGTAACCGGTCCTGTCAGCATGCCTTTCATCACTTTGTTGGTGAGGCTTTGTGCATATTGTGACCAACGTACTGTCATTGGTTCTGGGCGTACGACATCACCGTAA	215	LMPAFSKSNTSSDSATPICLHTVERGMSLRTNDHCRIVTGPVSMPFITLLVRLCAYCDQRTVIGSGRTTSP*	TTG	0.9750006405087198	1	0.97500064050872	1
	GMAMQRWIKTLLSIMLLVSTMNVFAQR	chromosome	913227	913145	-	R2	GTTTTGTTATGCCAATATTGGCTGAGACAGAATAAAAGTAGGCTAGTGATAATCCACGCACTGAGCACTAAATTAATGCGC	913401	913129	CTGAGCCAGCTTGCGACAAAAATGGCAAGTAAAATCGCTAAGATGATCGCACTGCTGTGTAAGATAAAATCGGTATTGATGACGTCGGTGTGTGTGATAGCGGACAGATTGGGATCTTTACCCCATAAAAGTCCTGCGATAAAGCTTAACAGGACGTGCCAAAAAGAGGTTAATGTTTTGTTATGCCAATATTGGCTGAGACAGAATAAAAGTAGGCTAGTGATAATCCACGCACTGAGCACTAAATTAATGCGCTGGCTTTTTGGTAAATAG	272	LSQLATKMASKIAKMIALLCKIKSVLMTSVCVIADRLGSLPHKSPAIKLNRTCQKEVNVLLCQYWLRQNKSRLVIIHALSTKLMRWLFGK*	CTG	0.9541297268394329	1	0.954129726839433	1
	YCVSTLAKNVELALFAYWGGR	chromosome	846102	846038	-	R2	AAGTGTTCGGCAATGTCAGAAACAGGCTGTGGCGTATTCTGTCATCCAATTTCTTTCAGCAAG	846102	845953	AAGTGTTCGGCAATGTCAGAAACAGGCTGTGGCGTATTCTGTCATCCAATTTCTTTCAGCAAGTTTATCCGCAGGTATCACCGTTTTCATGTTAGAAATGTATCAAACCGAGTTGGTGGAAAAGCGGATTTTGGCGATTTTATTCAGTAA	149	KCSAMSETGCGVFCHPISFSKFIRRYHRFHVRNVSNRVGGKADFGDFIQ*	-	0.9809731622885141	2	0.980973162288514	2
	AMVSLCSMASK	chromosome	816003	815969	-	R2	GATTTTCAACCCACTTTCTTGCCCGCTCATAGG	816078	815941	TTGTATATCCTTTTTACGAAAGCATTAAGGGCACCATTGTACTGTATTTTTGGGCATATGTTAAAATTATTTGCGGATTTTCAACCCACTTTCTTGCCCGCTCATAGGATAGTCAACAAGAAAGTGCGGTCGAATTGA	137	LYILFTKALRAPLYCIFGHMLKLFADFQPTFLPAHRIVNKKVRSN*	TTG	0.970079581014495	3	0.970079581014495	3
	NMGCQSIKIK	chromosome	771585	771554	-	R2	TGCTCGATAGAGCGGTGTTTAACCAAAAGG	771585	771550	TGCTCGATAGAGCGGTGTTTAACCAAAAGGGTCTAA	35	CSIERCLTKRV*	-	0.9956999483990319	1	0.995699948399032	1
	LIYYLILDVIVPK	chromosome	694323	694283	-	R2	TTAGTTTCTGCATTTACCCCACTGGCTTGTCCACCAAAA	694329	694156	ATGTCTTTAGTTTCTGCATTTACCCCACTGGCTTGTCCACCAAAAATCCCCGCCATCGCTAATGGTCCATTTTGGTCCGCAATTAATAAAGTGTTATCTTTTAATTTTGCCGTAGAACCGTCTAAAAGCACGAGCGCCTCACCTGATTTTGCCATACGGACTTGTACTGGCTGA	173	MSLVSAFTPLACPPKIPAIANGPFWSAINKVLSFNFAVEPSKSTSASPDFAIRTCTG*	ATG	0.973217537334059	1	0.973217537334059	1
	NMYIGIDCGTQGTK	chromosome	683619	683576	-	R2	CTTGCGACTGTTTTACCTACATTAGTATCCGTGCCTGTCAGA	683628	683539	ATGGCTCGACTTGCGACTGTTTTACCTACATTAGTATCCGTGCCTGTCAGAAAAAAACTGCTCATGGTTTATCCCCTTGTTATTTCTTAA	89	MARLATVLPTLVSVPVRKKLLMVYPLVIS*	ATG	0.9996322209468954	1	0.999632220946895	1
	TMHLLYPLICVLR	chromosome	681615	681575	-	R2	TACAAGCAGAAAAAGTCGAGGTTGCAGGTTGGGTTGAGG	681639	681457	CTGCTGAAGGTCAAGCTGTTGAATTACAAGCAGAAAAAGTCGAGGTTGCAGGTTGGGTTGAGGACCCAGAAACCTATCCAATGGCGGCAAAACGTCACTCAATTGAATATTTACGTGAAGTGGCGCATTTACGCCCTCGTACCAATATTATTGGCGCAGTCGCACGTGTTCGTCACTGCTTAG	182	LLKVKLLNYKQKKSRLQVGLRTQKPIQWRQNVTQLNIYVKWRIYALVPILLAQSHVFVTA*	CTG	0.9612512911932092	1	0.961251291193209	1
	RSFDLSQINYDFGNKCAMALSSCLIR	chromosome	678600	678521	-	R2	AAGTCAACACCCTGTTTATTCCCGGAAAATCGCCGATTACCATCAGCCAGCTTTATCAGCCTTTTATGGTACTCAAAA	678654	678412	ATGTCCTCGTTTGTCAGGCAGACGGAAATCTACCGAATGCCTATTGCCAACAACAAGTCAACACCCTGTTTATTCCCGGAAAATCGCCGATTACCATCAGCCAGCTTTATCAGCCTTTTATGGTACTCAAAAATAGCGACATGTTGGCATGTTCAACACATGATAAAGCCGAAACGGAACAAAAAATTTATGAAATGTGGTCAAGTGATTTTCAACAGATTTTTGCGCAAGCTGGCGTCATGA	242	MSSFVRQTEIYRMPIANNKSTPCLFPENRRLPSASFISLLWYSKIATCWHVQHMIKPKRNKKFMKCGQVIFNRFLRKLAS*	ATG	0.9997127829057086	1	0.999712782905709	1
	EIGIKTAQINTK	chromosome	315360	315323	-	R2	AATCGAAATCCCGACATGATGTGCCGCAGCAATCGC	315375	315319	CTGACATGCCTCAGCAATCGAAATCCCGACATGATGTGCCGCAGCAATCGCCATTAA	56	LTCLSNRNPDMMCRSNRH*	CTG	0.9663880589668599	1	0.96638805896686	1
	AFAVFTASTTCAPLANSAAIQAEK	chromosome	257163	257090	-	R2	GCACGATGACGTAATTCGCTAGTTGTTTTCATTTGCAACCAAGCACTACCTTGTGTTGTTAACATTGCTAAG	257238	256822	TTGAAATATAACCAAACACCAGCAAGCACAAAAGTAATGATTGTAGCAACGGCACCAGCTTGTGTAATGCTACGAGCACGATGACGTAATTCGCTAGTTGTTTTCATTTGCAACCAAGCACTACCTTGTGTTGTTAACATTGCTAAGCTCACTAAACCACAAAGTAACGCAAACGGATTTAATAATGCAAAGAATGACCCTGTGTATTTGACTTGCAATAATTCGTTGAATTCAAATGGCACACCTTGTAACAAGTTACCAAATGCCACACCGAAAACTAGCGAAGGGACAAAACCACCAATGAATAATCCCCAATCCCATAATGTACGCCAGGTTGGATTATCAATTTTAGCACGATACTCTAAGCCGACAGGACGGAAGAATAATGCCGCTAAAACTAAAATCATGGCGATATAG	416	LKYNQTPASTKVMIVATAPACVMLRAR*RNSLVVFICNQALPCVVNIAKLTKPQSNANGFNNAKNDPVYLTCNNSLNSNGTPCNKLPNATPKTSEGTKPPMNNPQSHNVRQVGLSILARYSKPTGRKNNAAKTKIMAI*	TTG	0.9829181341251846	1	0.982918134125185	1
	IMSLVSAFTPLACPPK	chromosome	197664	197615	-	R2	CTGGCTGGCTGTAAATTAAAGCCATGTTTAGCTGCACTTTGCTGTAAA	197664	197611	CTGGCTGGCTGTAAATTAAAGCCATGTTTAGCTGCACTTTGCTGTAAACATTGA	53	LAGCKLKPCLAALCCKH*	-	0.9994829611277323	1	0.999482961127732	1
	SMDNTILMVALPIVSHSKNVK	chromosome	187590	187526	-	R2	ACTTAGCTGGCGATTTTTGACCACTAACGGCGATTGAATTTCATCACCACTTTGGAAAGCAGA	187626	187519	TTGTTCACCCAAAATAATCTCATAACAAATTGCCGCACTTAGCTGGCGATTTTTGACCACTAACGGCGATTGAATTTCATCACCACTTTGGAAAGCAGACATGGGTAA	107	LFTQNNLITNCRT*LAIFDH*RRLNFITTLESRHG*	TTG	0.9967800349158461	1	0.996780034915846	1
	DLMPCVNVLVCTLGIR	chromosome	40962	40913	-	R2	ATCGAGGTAAAACAATTCGATGCTCTTGTTACACGGATGAAAGAAAGG	41295	40897	ATGGAGGTATCGATGATAATTCCAAGAATGATGAAACAAGAACAGGCAGCATTGTATCTTGGTTGTAGTGTAAACACATTCAAAACAAGATATAAGCCACATCTTCGAGCTTATGATAATTTCTATGAGAAGCGTGGAAACATTCCAATTTGGGCATTTGATAGAAATGACCTAGATGAATTAATAGAAAAAATAAAGAATGGCTCAATTGATCTATTCAAAGAAAAAGATAAGAATAATGGTTGCGACAAGCGACCTTATGGAGGTAAAAAATGGGTCGCAAACTCACAGGGCTCAAAAATAGAAACGGAGTCTGGTATATCCACAAGCAATATCGAGGTAAAACAATTCGATGCTCTTGTTACACGGATGAAAGAAAGGAAGCGGAAGCAATCTTAA	398	MEVSMIIPRMMKQEQAALYLGCSVNTFKTRYKPHLRAYDNFYEKRGNIPIWAFDRNDLDELIEKIKNGSIDLFKEKDKNNGCDKRPYGGKKWVANSQGSKIETESGISTSNIEVKQFDALVTRMKERKRKQS*	ATG	0.9658470890204653	1	0.965847089020465	1
	PVQTIASGR	chromosome	2331947	2331919	-	R3	GTTGTTGCCTTACTTTTTAGCATAAGG	2331947	2331867	GTTGTTGCCTTACTTTTTAGCATAAGGAACTGTGATGAAAAACATTCTCGGTCTATTTTTATTTCTATTCTCACTGTTTAA	80	VVALLFSIRNCDEKHSRSIFISILTV*	-	0.9937557014661317	1	0.993755701466132	1
	HFLNSCACDVLSLNFAVKKQTVEQK	chromosome	2220137	2220061	-	R3	TTTTTGATGTAGTAGAGATCCCACACGCCATGTCCTAAACGATGTCCACGTTGCTCAAATTTAGTTAATGGACGG	2220191	2220042	TTGTCTTACATTATGCCAGACTTTTGTTCAAAAAGTGCGGGCTTGTTTTTTTATTTTTTGATGTAGTAGAGATCCCACACGCCATGTCCTAAACGATGTCCACGTTGCTCAAATTTAGTTAATGGACGGAAATCCGGGCGTGGAATGTAA	149	LSYIMPDFCSKSAGLFFYFLM**RSHTPCPKRCPRCSNLVNGRKSGRGM*	TTG	0.9565892868503607	1	0.956589286850361	1
	TTFSFPSMILLGSSGLMFDTKIK	chromosome	2196650	2196580	-	R3	CATTGAAATGTCAATAATACACACATCAGGACGCACACTGGGCAGATGTTGGCGTGCTTCTTTAGCAGA	2196650	2196546	CATTGAAATGTCAATAATACACACATCAGGACGCACACTGGGCAGATGTTGGCGTGCTTCTTTAGCAGAACTAAATTCACCGACAACGTGAAGATCATTTTCTAA	104	H*NVNNTHIRTHTGQMLACFFSRTKFTDNVKIIF*	-	0.9508713991168664	1	0.950871399116866	1
	HMHHTVELIDTPAVR	chromosome	2009843	2009797	-	R3	CATTTATCTCCCGACAGTTGCAACCAATTTTGTCAGTGCCACCGC	2009843	2009511	CATTTATCTCCCGACAGTTGCAACCAATTTTGTCAGTGCCACCGCACTTGGCGTGCTCGGTTACAGCGAATTAGGCATGGTGTTTTTAGGCGCCGGCTTTTTTTCTTGGCTAGTATTAGAGCCGATAGTATTACAACGTTTACGTACATTACAGCCCGTCCCCGAACCGTTGCGCCCCATGATAGGGATCCAACTTGCCCCTGCGTTTGTAGGTTGTTCAGCCTATTTAACTTTAAATGGGGGAAAACTCGACCTGTTCGCGCTAATGTTACTAGGTTACGGTGTATTACAGCTGCTATTTTTAATCCGCTTATTGCCTTGGATTTTTGTTAA	332	HLSPDSCNQFCQCHRTWRARLQRIRHGVFRRRLFFLASIRADSITTFTYITARPRTVAPHDRDPTCPCVCRLFSLFNFKWGKTRPVRANVTRLRCITAAIFNPLIALDFC*	-	0.9985514110506664	7	0.998551411050666	7
	SGKLITKAASCTSPPK	chromosome	1829048	1828999	-	R3	TTATGGAAGAGCGTTGGCGTGGTATTGAACCAATTGCATGGGGCGAAG	1829057	1828947	TTGCCTCTTTTATGGAAGAGCGTTGGCGTGGTATTGAACCAATTGCATGGGGCGAAGCCATGCGAGAAGCGGATTTTACCTCATGGGTGTATTACAGCTTACTCGGTTTAA	110	LPLLWKSVGVVLNQLHGAKPCEKRILPHGCITAYSV*	TTG	0.9630728138967602	1	0.96307281389676	1
	KILFFIIFVNYREFSCK	chromosome	1821839	1821787	-	R3	CAGATAAGGCAAAGAGTGCAAATGCAAACGCCCATGGTGCCGTTTCAACGA	1821938	1821768	CTGCCACAAAGGTACCAATCAAGATCGGTGCTGGGATACCTAATGCAATACCAAGCGGGAATAAGGTGGCGACTGTTGCCCCTTGGCTATTCACTAATACAGATAAGGCAAAGAGTGCAAATGCAAACGCCCATGGTGCCGTTTCAACGAGGTATTTTACTGAATCTTTGA	170	LPQRYQSRSVLGYLMQYQAGIRWRLLPLGYSLIQIRQRVQMQTPMVPFQRGILLNL*	CTG	0.9716836258557858	1	0.971683625855786	1
	MTYVIPTEMTQIIETCNK	chromosome	1800665	1800610	-	R3	AAGCGAGCATCACGGCGGCACCAACTTGCACGGAAGGACCTTCACGCCCTACGG	1800665	1800582	AAGCGAGCATCACGGCGGCACCAACTTGCACGGAAGGACCTTCACGCCCTACGGATGCCCCAATCAGCATGGCAAGAAACGTGA	83	KRASRRHQLARKDLHALRMPQSAWQET*	-	0.95729753241846	1	0.95729753241846	1
	CSAMSETGCGVFCHPISFSK	chromosome	1797134	1797073	-	R3	GGATTAGCCATGCCACGTTCTCTCAAGAAGGGTCCTTTCCTTGACCTACACTTGTTGAAG	1797134	1796850	GGATTAGCCATGCCACGTTCTCTCAAGAAGGGTCCTTTCCTTGACCTACACTTGTTGAAGAAGGTAGAGAAGGCGGTGGAAAGCGGGGATAAAAAACCAATTAAAACTTGGTCCCGTCGTTCAATGATCATTCCGTCAATGATCGGATTGACCATCGCAGTCCATAATGGTCGTCAGCACGTTCCTGTTTATGTATCTGATGAAATGATCGGTCATAAATTAGGTGAATTTGCACCGACTCGTACTTACCGCGGTCACGCTGCGGATAAGAAAGCTAAGAAGTAA	284	GLAMPRSLKKGPFLDLHLLKKVEKAVESGDKKPIKTWSRRSMIIPSMIGLTIAVHNGRQHVPVYVSDEMIGHKLGEFAPTRTYRGHAADKKAKK*	-	0.9844182227718199	1	0.98441822277182	1
	TFCLFSIIYKIR	chromosome	1769162	1769125	-	R3	TGGACTGGTTACCTCGCTCAATCCCGCATTGGCAGA	1769162	1769076	TGGACTGGTTACCTCGCTCAATCCCGCATTGGCAGAATTTGCGGTCCCGTTAGCGTTACTCGCGGGTTTAGGTATGGGGGTATTTAA	86	WTGYLAQSRIGRICGPVSVTRGFRYGGI*	-	0.98170328440286	1	0.98170328440286	1
	DKLCCTIALNTAKEAIMPSPVVFLSK	chromosome	1736219	1736140	-	R3	TGCCAATTTAGTGCGCTTGATGGATCAACAAGCGTGCGGGAAAACAGGACTTGTGCGCTATGCGGATCTGTTGAAAGG	1736219	1736136	TGCCAATTTAGTGCGCTTGATGGATCAACAAGCGTGCGGGAAAACAGGACTTGTGCGCTATGCGGATCTGTTGAAAGGCAGTGA	83	CQFSALDGSTSVRENRTCALCGSVERQ*	-	0.9999920317492879	1	0.999992031749288	1
	SDPKISCKLSR	chromosome	1548941	1548907	-	R3	TTTAGGAGTATAGCCAATGGCTGTTCAACAAAA	1548941	1548885	TTTAGGAGTATAGCCAATGGCTGTTCAACAAAACAAAAAATCTCGTTCACGTCGTGA	56	FRSIANGCSTKQKISFTS*	-	0.9199476384226112	7	0.919947638422611	7
	FACLSNIISDDLPFKYPIK	chromosome	1512029	1511971	-	R3	CATCATTTAATTGGCAAGAAAGTTATGGCGCATTGGCGAGCGGGCTGTTATGGCCGT	1512083	1511841	TTGTTTTCTCGATTCGCTTCAGTATTTTTCTCATTGAATTACTTTTGCATAGCGCATCATTTAATTGGCAAGAAAGTTATGGCGCATTGGCGAGCGGGCTGTTATGGCCGTGGGTCTTTTTACTTTTACGCAAAATTCGTCGCCAATTACAGCTACATTAACCTATTTGTATTGCACGTTTTAGGCATAGTGGTCTGTTTCTTCCGCTACTTGCCCTTTACGCCATTCTATCGTACTAAATAA	242	LFSRFASVFFSLNYFCIAHHLIGKKVMAHWRAGCYGRGSFYFYAKFVANYSYINLFVLHVLGIVVCFFRYLPFTPFYRTK*	TTG	0.9999810238013451	1	0.999981023801345	1
	KVLSNNILHQIGK	chromosome	1435352	1435312	-	R3	TTACGCGTCAGGTTGTTTTGTCTTTTGCACAATAAAAAG	1435352	1435308	TTACGCGTCAGGTTGTTTTGTCTTTTGCACAATAAAAAGCGATAA	44	LRVRLFCLLHNKKR*	-	0.9978540886346186	1	0.997854088634619	1
	NLNSVKNDTDNCMMILK	chromosome	1400375	1400323	-	R3	CTCATCGGAAGTAAAGGTAAAAACATGGGTTGCCAAAGTATCAAAATTAAA	1400387	1400316	TTGTTCGAGCTGCTCATCGGAAGTAAAGGTAAAAACATGGGTTGCCAAAGTATCAAAATTAAAAGGACGTAA	71	LFELLIGSKGKNMGCQSIKIKRT*	TTG	0.9998516458394596	1	0.99985164583946	1
	PKSKIHYNLAIVGK	chromosome	1305944	1305901	-	R3	TGCACCCAGAAACATTTGAACAATACTCCGCGGATGCAAAAG	1305965	1305873	ATGATGCCTTCTGGTATTTTATGCACCCAGAAACATTTGAACAATACTCCGCGGATGCAAAAGCTATTGGTGATGCAGAAAAATGGTTATTAG	92	MMPSGILCTQKHLNNTPRMQKLLVMQKNGY*	ATG	0.9926116372974744	1	0.992611637297474	1
	KDELMVPVMRSIK	chromosome	1198334	1198294	-	R3	TTTCTGTGCAAGAGAAAGCGGACATTCCACAATTTAAAG	1198385	1198230	TTGAAGTACTTGCCCATATTCAAGCGGAAACACCAGAAAAAATCACCGCACTTTCTGTGCAAGAGAAAGCGGACATTCCACAATTTAAAGCCTTATGGCAGCCAAGTAAGGCGTGCGAAGATTATCAGGACGAAGAAGGACGTGTGCTTTCGTTAG	155	LKYLPIFKRKHQKKSPHFLCKRKRTFHNLKPYGSQVRRAKIIRTKKDVCFR*	TTG	0.9999911675735206	1	0.999991167573521	1
	RLPLIFVSAK	chromosome	1153331	1153300	-	R3	TCTGTATCCAGGGTACAAGCAAATAAAAAG	1153358	1152990	CTGATATATTTCACATCCGTTGGACGTTCTGTATCCAGGGTACAAGCAAATAAAAAGAAACTTGCAATGATAGGCAAAAGAAAATGTTGTTTTTTCATAACCAATAAAAGTACTCAAAATTGTGATTATTTTACGAGCTTAACACGGATTAGTAAAGCGCGGGAGGATTTCCGCGCGTGTCTGTTTAATCGCGATTATACGACGGCGATTGAGTTCATCACGAATGGCTTGCTGCTGAAAACCTTGTTGGATGATGTCTTGCACGTTGACTTGCAGAGCACTTTGATAAAGTTGCCAGAGAAATTCACGTTGTGGATAGTCAACTTGTTCAAATCCGGTCCTACCACGCGTGTCTGCAATACAGACTAA	368	LIYFTSVGRSVSRVQANKKKLAMIGKRKCCFFITNKSTQNCDYFTSLTRISKAREDFRACLFNRDYTTAIEFITNGLLLKTLLDDVLHVDLQSTLIKLPEKFTLWIVNLFKSGPTTRVCNTD*	CTG	0.9697694112679655	1	0.969769411267966	1
	PCLAALCCK	chromosome	1094732	1094704	-	R3	GCGGATAACATTGGGATATTGAGGCGG	1094792	1094688	ATGCCACCTTCTTGTGCAAGAGAGATTGCCAGTTTAGTTTCTGTCACGGTATCCATGGCAGCGGATAACATTGGGATATTGAGGCGGATAGTTTTGGTGAGTTGA	104	MPPSCAREIASLVSVTVSMAADNIGILRRIVLVS*	ATG	0.9529401840959874	1	0.952940184095987	1
	LVIIHALSTKLMR	chromosome	873878	873838	-	R3	ATTTTTACACAATCCTCATCGCCACCTATGCGTGTTAAA	873878	873834	ATTTTTACACAATCCTCATCGCCACCTATGCGTGTTAAAAGCTGA	44	IFTQSSSPPMRVKS*	-	0.988505086926951	1	0.988505086926951	1
	CLTCLSNRNPDMMCRSNR	chromosome	819452	819397	-	R3	AAGTATATCGCTTACAAAATTTTTTTCCAAATACACATGGTGTTGATGCGCAAG	819509	819321	ATGCCAAGGAGATTGAAAAGGTTGTTGCAAGGGCGACAAGTTATGGTTTACACACGGAAGTATATCGCTTACAAAATTTTTTTCCAAATACACATGGTGTTGATGCGCAAGTTGTCTATGAAATGTATTTACACTTATGTGATCAGCCTGTCCAAAACGAGATCTTACTTCCTCCCATTCAACCGATGA	188	MPRRLKRLLQGRQVMVYTRKYIAYKIFFQIHMVLMRKLSMKCIYTYVISLSKTRSYFLPFNR*	ATG	0.9999591334267717	1	0.999959133426772	1
	YPPPKVMTNPCKTGTVLNNMAK	chromosome	799412	799345	-	R3	GTTATACCCCTTGTTAAAAACCGGTGGGTTGGCAGATGTGATGGGCGCATTACCTTTTGCACAAAA	799511	799332	ATGGCATTCAAGAAAATACGGTGTTTTGTCGTACGCCGTATTTTCTTTTGCAATATCTTCAAAGGAATAAAAAATGAAAGTATTACATGCTTGCTCGGAGTTATACCCCTTGTTAAAAACCGGTGGGTTGGCAGATGTGATGGGCGCATTACCTTTTGCACAAAAAGAGATTGGAATTGA	179	MAFKKIRCFVVRRIFFCNIFKGIKNESITCLLGVIPLVKNRWVGRCDGRITFCTKRDWN*	ATG	0.9812226299129542	1	0.981222629912954	1
	NSTTQLMIR	chromosome	776633	776605	-	R3	TTGATAAAATTGAACAAGTTTTACCGC	776666	776592	ATGAAATTTATATCGAAAATGATGACACCAGAATTGATAAAATTGAACAAGTTTTACCGCCTGTGGCGTTATTAG	74	MKFISKMMTPELIKLNKFYRLWRY*	ATG	0.9999962994742961	1	0.999996299474296	1
	LVLMIASFDR	chromosome	701606	701575	-	R3	TCAATCTGGTTTAAATTGGACAATAGAAAA	701606	701550	TCAATCTGGTTTAAATTGGACAATAGAAAAATTACAATAATTCAATTTATTTGCTGA	56	SIWFKLDNRKITIIQFIC*	-	0.9986595281481845	1	0.998659528148184	1
	DYLLTLICPSVAEYALIAR	chromosome	685937	685879	-	R3	GACAATACTATCTTGATGGTGGCATTGCCGATAGTATCCCACTCAAAAAATGTCAAG	686012	685875	ATGTGTTTAATGAAATGGAAGTACTGCGTGCTACATCAGCGATGCCTTTTGTTTCCAAAATGGTGGAGATCAATGGACAATACTATCTTGATGGTGGCATTGCCGATAGTATCCCACTCAAAAAATGTCAAGCATTAG	137	MCLMKWKYCVLHQRCLLFPKWWRSMDNTILMVALPIVSHSKNVKH*	ATG	0.9529947122448125	1	0.952994712244812	1
	LQSICGIKSWNCYK	chromosome	663539	663496	-	R3	CCAAAAAGTAAAATACATTACAATTTGGCTATTGTGGGAAAA	663539	663357	CCAAAAAGTAAAATACATTACAATTTGGCTATTGTGGGAAAACTTACTGCAAAAATACTAAGAAGTCAATTTTTAATACTCTCCCCAAATATTAACTTTTATTTTGGGGATGATGATTCTTTTTATCGACTCACAAAAATTTTAATGAATCTATCATCAACTTTGATTTTTAATTGTAAGTAA	182	PKSKIHYNLAIVGKLTAKILRSQFLILSPNINFYFGDDDSFYRLTKILMNLSSTLIFNCK*	-	0.9864020489430322	1	0.986402048943032	1
	IAFLLCYDNCCMVR	chromosome	608690	608647	-	R3	TCGGCGAGGGGAATTGATGTAATACCTCAAGATTCACTGAAA	608690	608571	TCGGCGAGGGGAATTGATGTAATACCTCAAGATTCACTGAAAAAATCGCCAGTTTCTCATTCAGTACAGAACGATAATTTTGCCAGCTTTGTCCTTTATCCATGCGAGTACCTTATTTAA	119	SARGIDVIPQDSLKKSPVSHSVQNDNFASFVLYPCEYLI*	-	0.998737761773174	1	0.998737761773174	1
	IKLSGTILTGNK	chromosome	519161	519124	-	R3	AGCACCATGATAAATATTCCCACCTGGAGTTTTAAA	519194	519078	ATGCTTGGCAAATTGAATAGAATAGTGAGAATCAGCACCATGATAAATATTCCCACCTGGAGTTTTAAAGACATAGTTTACCGTTTTACGCCCCATTTCCTCATCGGAAGGACATAA	116	MLGKLNRIVRISTMINIPTWSFKDIVYRFTPHFLIGRT*	ATG	0.9974875629783149	1	0.997487562978315	1
	SFPMLLVTKLLDIMLHK	chromosome	513440	513388	-	R3	ATTAGCGAAGCCCAAGGTGCACGTCGAGGTGCGGTAGGCCTCGTAAATAAA	513644	513327	TTGCTGATCTTTCGAACAGTAAGAGATACGTACATTCACCCTATCACTCACCTTTTTCCCAACAAAAGTTTTATTTTCCTTCTGTTCGTCAACATAGTCTCTATATTTAGGATTATGTTGAATTGTACTGTAAAATGCTTTTATTTATGGGGGATTTTTGCTAGACTAAGCCAACTTTTTGGGGCTGATTCTGGATTCGACGGGATTAGCGAAGCCCAAGGTGCACGTCGAGGTGCGGTAGGCCTCGTAAATAAACCGCAAAAAAATAGTCGCAAACGACGAACAATACGCTTTAGCAGCTTAATAACCTGCTCATAG	317	LLIFRTVRDTYIHPITHLFPNKSFIFLLFVNIVSIFRIMLNCTVKCFYLWGIFARLSQLFGADSGFDGISEAQGARRGAVGLVNKPQKNSRKRRTIRFSSLITCS*	TTG	0.9999678047354729	1	0.999967804735473	1
	CECPMVSLVIGTR	chromosome	389885	389845	-	R3	GCGCCTTGCGCTCTCACTTTAATCAGTAAGACTTCACGC	389885	389748	GCGCCTTGCGCTCTCACTTTAATCAGTAAGACTTCACGCTCAACGTGGTCACAGTCGCTTAAACTGATCACTTTAAAAATATCAACTAATTTATGTAGCTGCTTCTCGATTTGTTCGAGTACTTGCTCATCTCCATAA	137	APCALTLISKTSRSTWSQSLKLITLKISTNLCSCFSICSSTCSSP*	-	0.9928057399169544	1	0.992805739916954	1
	GIWGSCVLALNLNK	chromosome	293630	293587	-	R3	GCTAATAAGACGCCAACAGTAATCGCAATCACCATATCGAAA	293630	293520	GCTAATAAGACGCCAACAGTAATCGCAATCACCATATCGAAAATGACCGTTAAAATTAAGCACGTTAATAACACCGCGATTTCATTACGACCAGAGCGGCGGATGAGCTGA	110	ANKTPTVIAITISKMTVKIKHVNNTAISLRPERRMS*	-	0.9975379898470773	1	0.997537989847077	1
